IQ,Family_income,Race_group,Gender,Age,Education
40.12341129,170.4759258,0,0,20,16
108.091163,443.2317453,1,1,61,14
93.32046016,386.5561287,0,0,49,16
107.3077685,439.1705582,1,0,23,11
76.55445582,314.7801745,0,0,53,17
125.3721628,510.6980868,1,1,55,12
96.30702131,395.6952831,1,1,28,19
117.5243544,478.3012927,1,1,50,15
87.50275086,360.036392,0,0,41,15
104.2359297,427.1531942,1,0,40,14
77.02375284,319.5023322,1,0,32,15
99.54362507,409.3209667,1,1,44,18
94.35904859,388.145521,1,0,28,11
102.0813977,415.996513,1,0,34,18
115.2151076,471.5928464,1,1,31,16
72.84810691,301.9771502,1,1,44,13
85.56747722,352.3848993,1,1,35,13
104.8796616,427.6173773,1,1,45,19
131.8130248,536.260821,1,0,64,14
97.68857298,399.4276981,1,1,64,13
108.7245576,442.7061397,1,1,21,18
100.368943,411.3083336,1,0,24,16
125.8717599,512.4842238,1,1,62,14
77.86063459,323.9382686,0,1,52,16
103.4954898,423.6437298,1,1,65,13
74.66849482,309.8437949,0,1,26,18
69.13354352,284.8511346,1,0,25,18
111.032937,453.4202902,0,1,62,17
106.1675077,434.5930913,1,0,34,16
83.98770932,344.9047215,1,0,34,19
105.0658359,429.6692754,1,1,50,15
150.0144852,609.5961515,1,0,49,13
104.4957653,427.5781219,1,1,25,16
112.94807,463.4620137,1,1,36,20
96.9126854,397.8698199,1,0,55,13
108.2874532,443.4519427,1,0,20,15
102.1631701,419.0247254,1,0,22,16
102.1606265,419.0874973,1,1,30,15
128.5020685,523.7159008,1,1,64,14
111.7144877,456.3546627,1,0,63,18
101.1628213,414.6522405,1,1,48,20
67.32463768,280.3432174,0,1,33,16
95.22359838,391.8638861,1,1,49,14
135.9144852,553.1962639,1,1,39,12
90.35300761,372.0310617,1,0,46,16
113.9301469,465.339867,0,1,39,18
125.2111617,510.6742476,1,0,60,16
109.9507328,449.1497479,1,1,20,15
91.37646339,375.1741388,0,0,27,14
68.02835831,283.3414268,0,0,59,13
110.2842908,451.0491645,1,1,38,17
81.14378779,334.576603,1,0,33,17
101.1626783,413.03828,0,0,29,12
80.55081339,331.7613051,1,0,19,19
94.3719361,387.0915929,1,0,58,17
101.0658922,413.2691177,0,0,41,18
106.1380228,434.3999964,1,0,52,13
87.02548092,357.5297295,1,1,47,13
117.1890492,478.644735,1,1,47,15
83.76604537,345.0476654,1,1,64,17
73.28165222,302.0500345,1,1,52,19
98.87998621,404.9592594,1,1,36,17
105.7501518,432.9048196,1,1,25,15
100.4789036,412.9347399,1,0,43,13
122.8322991,501.3853614,1,1,57,18
97.9537183,400.992541,1,1,24,14
98.72182019,405.1242358,1,0,47,19
87.51052806,361.6050191,1,1,24,15
110.0100154,450.7764575,1,0,20,19
100.8052505,413.6030872,1,1,18,17
93.99063415,386.5335134,1,0,53,15
69.19810529,288.1171284,1,0,42,14
124.0489389,507.0685552,1,1,54,15
79.0647008,326.6948856,1,1,18,16
92.37408797,380.412829,1,0,32,16
105.3174782,430.0162553,1,0,54,14
83.24546924,341.3430745,1,0,30,15
76.08982681,314.3906496,1,0,57,16
67.11227372,278.406413,1,1,25,11
111.5445366,455.4520554,1,1,22,16
92.96875914,382.5478701,1,1,26,14
144.2507343,584.9061113,1,0,18,13
92.24395241,378.2897215,1,0,53,12
82.54924459,339.5761923,1,1,52,12
91.59975155,374.6128593,1,1,19,13
97.69271421,402.104746,1,1,57,14
94.77403402,387.5819021,1,1,40,19
105.0669478,429.5076482,1,0,26,14
84.5428271,348.9397123,1,0,51,16
78.12016667,322.997513,1,0,63,16
74.48101274,306.693199,1,1,31,16
64.76218615,269.6233845,1,1,21,15
90.18482999,370.8807521,1,0,47,13
101.570566,418.4479202,1,0,48,18
92.00453883,378.2707874,1,0,55,19
116.7545522,476.6862924,1,0,28,12
117.7651197,480.0119719,1,1,52,13
101.9010443,416.6932566,1,0,25,15
72.48042142,298.9763261,1,1,20,14
89.07907092,367.5403664,1,1,31,17
88.59912137,364.2687479,1,1,30,14
88.28282475,363.5511257,1,1,62,20
87.49235947,361.3391498,1,0,49,18
85.41438111,349.1593965,1,1,51,16
90.04220529,371.2991753,1,0,62,18
87.4855874,359.853805,1,0,36,18
105.8344817,433.5995352,1,1,55,14
104.223171,425.8939231,1,1,33,14
85.84692609,352.4915833,1,0,19,16
124.4971594,508.2741739,1,1,57,17
90.81664417,375.5009741,1,1,34,16
74.93555315,310.6212774,1,1,51,12
103.5307389,425.218391,1,1,59,14
84.61596999,348.1326256,1,0,33,15
107.9345713,440.9616963,1,0,55,15
63.45243443,262.9237632,1,0,19,19
119.6896671,488.0751645,0,0,19,13
107.1733894,436.4661888,0,0,43,17
74.74499931,308.1318252,1,1,30,18
79.4312793,327.0339505,1,0,64,20
120.1712669,490.3135838,1,0,48,15
93.25707691,383.006855,1,0,51,16
85.68714568,352.9698456,1,0,56,17
65.73795759,272.8277739,1,1,20,16
89.72723311,368.1802172,1,1,25,15
96.87427959,395.3756095,1,1,40,16
109.7639428,448.3011421,1,1,31,10
79.14604934,325.4815541,1,0,44,17
83.41693333,343.9962016,1,0,46,16
107.8194327,442.0102142,1,1,56,15
112.2682971,459.8278284,1,0,56,20
73.91806576,306.3066931,1,1,18,14
118.951784,485.4794184,1,1,34,15
106.1012718,433.7096476,1,1,58,19
117.8527994,480.4719059,1,1,47,14
102.0431954,416.4986833,1,0,30,14
64.93184323,270.6109822,1,1,38,15
103.7392081,424.6122766,1,0,36,17
108.4480335,442.3688461,1,0,36,16
89.5994279,367.4242505,1,1,42,13
98.45574913,402.7949051,1,0,39,14
92.34102817,379.255435,1,0,48,14
53.28703166,224.1259441,1,1,34,15
122.0168347,497.520341,1,1,40,16
83.89852444,343.2042825,1,1,49,16
106.002528,433.6474728,1,1,27,12
100.0108665,409.7233829,1,1,27,18
122.6770128,500.2830176,1,0,53,16
110.7613334,452.2369775,1,0,25,18
93.46323536,383.9168138,1,1,37,16
83.55287562,344.1399876,1,1,49,18
117.5790578,480.0993612,1,0,31,16
74.81631159,309.5540661,1,1,45,18
110.3649006,450.8494299,1,1,63,17
85.74290984,352.344116,1,1,41,15
119.0137638,487.2402825,1,0,32,20
104.8608149,429.8306829,1,1,39,17
108.6621195,445.297305,1,0,47,17
102.6472166,421.6463124,1,0,21,13
68.00040083,282.4145817,1,1,30,13
84.67287338,349.4800902,1,0,40,16
107.7217085,439.1318363,1,1,25,16
101.3438185,415.4132624,1,0,35,14
114.3555008,467.0524638,0,0,29,16
104.2577977,428.5374599,1,0,48,19
79.77480488,329.8949071,0,1,31,17
90.59099833,371.5849142,0,0,51,13
101.5553495,416.4276213,1,1,35,15
58.79303275,245.2417156,1,1,51,14
122.112179,498.703566,1,1,28,15
108.3168139,442.0715846,1,0,58,15
116.5810805,476.4937411,1,0,29,15
73.8336735,304.9845488,1,1,32,13
118.718603,484.9628766,1,0,48,15
135.2018601,549.8631101,1,1,46,14
74.7722529,308.3805962,1,0,43,10
114.1182868,467.4600054,1,1,35,20
97.15521708,397.4103566,1,0,49,18
77.09350734,317.2693672,1,1,39,15
107.5955945,440.1547348,1,0,55,16
110.7409847,452.011244,1,1,34,13
87.22424961,357.8688223,1,1,40,19
116.6936705,476.6890824,1,1,41,19
81.83343958,335.6944147,1,0,25,16
72.46182967,298.7198685,1,0,58,18
109.1630657,448.5269476,1,1,23,16
99.68279719,409.027053,1,0,22,13
89.72968584,368.02497,1,0,61,15
108.1413539,442.8065083,1,0,46,16
105.2214651,431.2806787,1,0,45,15
111.2060111,455.6362043,1,1,28,15
94.30886894,386.9535383,1,1,18,15
108.5475311,444.9886265,1,0,60,15
92.02477292,375.910281,1,0,36,16
138.5667035,562.9853116,1,0,26,13
83.48231226,343.9555382,1,1,44,14
132.3441726,539.4905276,1,1,51,13
101.856339,416.347035,1,0,61,17
75.41723483,311.8036378,1,0,21,11
123.6188653,503.6501607,1,0,53,18
100.6364232,412.103892,1,0,35,18
103.1396443,423.4139853,1,0,32,15
121.346847,496.0978864,1,1,30,10
100.9428307,412.6092188,1,1,36,15
87.26107193,357.8438987,1,0,23,15
117.7353428,480.3380626,1,0,65,13
98.96325308,405.6640004,1,1,29,14
114.3055937,466.377925,1,1,54,19
72.86494372,302.3794655,1,0,34,17
104.4678167,428.0474375,1,1,40,14
93.93286092,385.9831355,1,1,43,12
122.1275058,497.0446666,1,0,46,15
118.6273221,485.4823863,1,0,50,15
101.1672066,411.6839839,1,0,44,16
111.7447627,457.6300541,1,1,42,14
88.73512016,365.728501,1,0,27,17
125.9645237,513.2204054,1,1,64,19
127.5405063,521.2264447,1,1,40,17
105.6313416,432.2893532,1,0,38,15
115.588924,472.229236,1,0,38,15
92.69855531,380.9813575,1,0,60,15
89.77897319,372.1536062,1,0,30,18
101.4895825,417.1359095,1,0,54,14
94.96993336,390.4246948,1,1,50,16
89.36429378,366.3978115,1,1,41,16
105.4173229,431.6402255,1,1,61,14
106.1058216,433.4367878,1,1,28,13
86.51842931,356.7531268,1,0,34,16
107.4449745,439.7444674,1,1,21,15
115.8411109,472.0511015,1,0,64,17
98.8075852,405.1494056,1,0,42,14
120.0795889,489.2732288,1,0,47,18
83.9725018,345.9028623,1,0,26,14
108.8739211,444.4588237,1,0,38,19
82.05143748,338.0979984,1,1,37,12
90.94919467,374.3974896,1,1,36,16
92.84693847,381.182229,1,0,36,16
82.32963301,338.7921269,1,1,29,14
93.11153426,382.4964147,1,1,54,16
100.1387876,411.087898,1,0,59,18
110.5499741,450.9123483,1,1,34,11
99.88066535,409.6194698,1,0,54,17
78.07609848,323.4925377,1,0,65,11
108.0753742,442.6980744,1,0,56,14
88.97891861,365.8270978,1,1,45,19
97.83525898,401.8200454,1,1,58,14
109.1914708,447.0395639,1,0,52,13
107.1149194,439.0376637,1,1,64,15
117.5411363,477.949434,1,0,65,20
114.1925592,465.0307682,1,0,35,12
86.70129546,357.6669442,1,0,31,13
135.5327445,550.4055364,1,1,52,18
106.4783863,436.1406276,1,1,61,19
97.74055773,400.4500012,1,0,58,15
117.9220286,480.4997251,1,1,24,13
101.7047724,417.0019387,1,1,58,20
104.6410086,428.5936304,1,0,30,19
132.4869894,541.8415635,1,0,35,17
97.17860809,397.930449,1,0,54,14
96.87447114,398.7784833,1,0,30,15
106.8094718,437.4153442,1,1,53,15
119.5860479,487.4881743,1,0,48,16
76.59451237,317.0504757,1,0,19,18
66.13144103,274.98151,1,1,33,17
93.262966,382.9345335,1,0,26,13
80.2672886,331.2029686,1,0,26,18
96.98798929,397.1960917,1,0,55,16
112.2211931,457.875835,1,0,28,17
86.12672135,355.1242779,1,0,39,18
77.06291553,317.9005625,1,1,50,13
98.43280099,403.4897251,1,1,53,15
113.0608002,462.3380872,1,0,62,14
74.59188618,308.5094293,1,0,40,12
113.4764256,462.2914595,1,0,62,16
112.0883488,459.455865,1,0,62,21
114.1234084,466.4282446,1,0,51,12
115.5175949,471.6790548,1,0,26,15
137.1525667,558.8175857,1,0,41,17
95.30382105,391.2953083,1,0,25,16
101.287373,415.7502545,1,0,24,15
91.10118577,374.7928096,1,0,53,13
95.04107281,390.7258471,1,0,35,16
128.5775022,525.4508223,1,1,20,14
82.37736327,340.2569748,1,1,45,11
80.92192293,333.393848,1,1,23,18
124.0607751,504.9182318,1,0,61,17
119.3393553,488.8296871,1,1,61,16
95.38964623,391.1643958,1,1,38,16
119.5572297,487.560787,1,0,45,18
106.3284566,433.403738,1,1,57,16
117.1847136,478.8857732,1,0,18,17
102.9204861,421.6621663,1,1,53,15
116.711585,475.1411687,1,1,38,18
137.5730434,560.5212391,1,0,60,16
111.6112991,455.7646988,1,1,52,16
94.40827816,390.1673607,1,1,30,13
115.1459547,469.8265272,1,0,27,16
91.34578011,374.7980079,1,0,61,14
132.2335155,537.8441481,1,1,64,14
102.5879126,421.4609424,1,0,27,14
97.97802979,401.3787918,1,1,63,13
88.45665683,362.9565306,1,1,30,20
113.834252,465.8576199,1,0,54,18
111.3288294,453.7534632,1,0,55,19
88.34390056,363.8551707,1,0,41,13
108.0924479,443.973602,1,0,19,16
82.00559069,338.4535892,1,0,39,13
103.0997937,422.8679258,1,0,34,14
110.5743009,452.9860694,1,1,53,14
131.7854161,538.635918,1,0,31,18
86.42131913,356.7524695,1,1,27,15
80.41161289,331.9533399,1,1,52,18
95.59266376,393.1172995,1,1,42,17
86.06416909,353.2294496,1,1,20,20
113.706784,465.4172626,1,0,64,13
125.1291134,509.3071748,1,0,55,18
105.1484941,430.0549321,1,0,34,18
121.9746985,494.6183843,1,1,29,14
99.37023257,407.7192722,1,1,41,18
95.55403337,391.4156952,1,1,46,16
92.63830403,381.5117566,1,1,60,15
93.39480253,383.8158764,1,0,42,14
80.37752344,332.5011892,1,0,53,14
99.57972401,407.0724705,1,0,43,20
97.2445214,399.856529,1,1,55,16
104.3673016,429.4033015,1,0,18,17
105.7746927,433.6894533,1,0,37,14
102.9858213,422.5646085,1,0,45,14
85.95919731,353.864841,1,0,33,18
100.2315248,410.2373356,1,1,64,13
113.2327968,463.5069767,1,1,34,15
89.08431169,364.6852897,1,1,57,16
103.2888061,422.5684421,1,0,45,16
101.0467016,412.2508492,1,1,29,15
83.08788909,341.5112955,1,1,44,16
87.05752324,358.7286466,1,1,59,17
104.0947119,426.7135555,1,1,64,17
80.71065067,332.7604122,1,0,47,14
106.3722751,435.4853072,1,0,58,15
84.69266294,346.7460887,1,1,51,18
112.0559865,457.6683164,1,1,54,17
130.7124852,531.955807,1,1,23,13
93.67645533,383.8932044,1,1,24,16
111.9148765,458.0758544,1,1,49,12
96.36038556,394.4232656,0,1,49,16
118.1222854,481.691784,0,1,42,19
79.63378999,326.3175637,0,0,50,14
112.8482565,460.9145371,0,0,24,14
87.10861386,357.2037364,0,1,29,17
98.1188376,402.3935959,0,1,33,12
84.69809358,347.7021854,0,0,33,14
100.8889897,413.495103,0,0,60,17
94.20288596,386.5122532,0,0,53,14
110.5888643,453.8459605,0,0,30,15
96.49745467,396.3285053,0,1,24,17
98.37596053,401.5036028,0,1,53,16
103.2121914,421.4153107,0,0,64,16
86.51911311,355.9892647,0,1,26,15
105.9650999,432.7574485,0,0,49,16
118.0745389,479.1381319,0,0,28,15
89.40973604,368.8409541,0,0,25,16
120.1725674,491.2140081,0,1,50,15
122.0266308,498.4281287,0,0,40,15
89.57790206,367.5572623,0,1,42,14
74.53968966,308.4630502,0,0,25,15
101.0074224,413.1600654,0,0,62,14
93.07399043,382.3478799,0,1,39,13
131.0965721,533.2524044,0,0,21,16
93.36113117,384.8068904,0,0,57,16
90.39207643,369.850129,0,1,20,17
80.95329248,334.9114892,0,1,46,15
115.9247049,473.548316,0,1,58,16
86.40966942,355.0072078,0,1,46,17
97.59100012,400.370855,0,1,51,16
118.5500164,484.7395179,0,0,51,14
93.20598192,384.0370596,0,1,45,16
98.12021726,402.6329589,0,1,30,16
99.62626558,407.4513857,0,0,32,16
112.5527232,460.08249,0,1,40,11
110.968694,455.5093653,0,0,61,16
96.73800007,398.1404222,0,1,43,20
105.6699139,433.4150529,0,1,21,15
98.64568701,405.2163485,0,0,43,14
79.82228768,329.8566581,0,0,57,16
104.4253289,428.6885948,0,0,26,16
131.36564,534.7920144,0,0,22,18
88.33746758,361.8500442,0,0,49,13
92.98594065,381.8600221,0,1,37,17
90.87458211,372.5317341,0,1,28,17
107.1395939,437.3284235,0,0,32,15
102.7254305,420.0134379,0,0,49,16
95.15623174,392.9530597,0,0,45,18
90.47145616,371.8732,0,1,39,17
95.41960424,391.8835714,0,1,58,13
78.44193929,322.4164278,0,0,34,17
103.9439471,423.7625305,0,1,43,15
118.0715855,481.2747795,0,0,61,16
82.28741288,340.4516664,0,0,24,16
71.96919747,298.0918286,0,1,59,15
120.2032701,491.2151892,0,0,43,18
86.43125543,356.3210593,0,0,42,15
115.2344577,470.1584179,0,1,27,13
97.29847092,400.4216806,0,0,62,15
93.24713192,382.202839,0,0,36,16
112.8050826,462.4415862,0,0,28,18
81.77263145,337.3978688,0,1,30,17
107.7157607,438.8984382,0,0,25,14
99.35896343,406.5252341,0,1,57,20
84.12026438,344.5582957,0,1,21,16
102.6293159,421.5119409,0,0,64,18
97.76027201,400.8560102,0,1,48,15
92.87305426,379.1122297,0,1,45,17
85.82656805,353.5406028,0,0,28,17
123.9255627,504.9631013,0,0,60,18
111.8590089,455.7699219,0,0,18,18
109.9124736,451.1474013,0,0,64,17
85.84363904,353.3405058,0,1,55,15
70.23714712,290.5389415,0,1,41,14
134.0995316,545.7803893,0,1,64,16
97.81216122,399.5755352,0,0,48,17
88.42691345,362.2582016,0,0,58,15
109.2190392,447.981881,0,0,63,18
125.0804517,509.6440665,0,0,43,18
105.2973642,431.0391088,0,1,22,14
115.6363188,470.3128195,0,1,37,14
108.8190949,443.7807751,0,1,58,15
93.6312373,384.9807694,0,0,28,16
99.30986028,407.4541712,0,1,50,14
115.4642139,473.4208625,0,0,55,18
54.5518044,229.4583906,0,1,44,16
101.9528121,417.413572,0,1,51,16
78.43800677,324.0953425,0,1,32,13
92.73781673,380.4824705,0,0,49,13
99.43649773,409.636946,0,0,38,16
96.30345375,396.204348,0,1,63,11
87.30874767,359.2609714,0,1,22,18
82.57791511,340.3759048,0,0,23,15
137.3793545,560.7379732,0,1,55,22
130.4061381,531.9913337,0,0,39,20
83.95180169,347.226944,0,0,35,15
127.8173299,518.8681244,0,1,31,15
92.89934027,381.905827,0,1,27,17
102.9946207,421.2945299,0,0,63,19
85.88408927,355.1506748,0,1,30,12
88.64176631,365.9670771,0,1,48,12
118.1616454,482.486423,0,0,47,14
100.6681243,414.0425113,0,0,20,17
91.32451212,376.9303909,0,0,47,16
76.59698012,316.3357928,0,0,23,18
90.94714937,376.1100872,0,1,46,13
77.90529749,321.4612643,0,1,25,11
103.8275042,424.9255255,0,0,61,17
75.47642492,312.6465137,0,0,62,14
95.71402668,392.3453778,0,1,60,11
119.7799847,489.0096749,0,0,61,16
117.2152146,480.0782615,0,1,50,17
97.39167903,399.4261645,0,1,34,15
97.64918624,398.7422303,0,1,65,15
131.9504928,537.9541089,0,1,28,15
100.5010507,411.143452,0,1,30,15
102.5341655,420.8335999,0,1,28,13
80.8785004,334.0765607,0,1,48,14
106.0823333,435.6264831,0,0,45,17
116.4148308,476.376305,0,0,61,16
85.05300433,351.1617969,0,0,23,16
102.0509745,417.3678541,0,0,58,14
94.40092408,388.2523819,0,1,33,15
103.044153,423.9754733,0,1,21,11
62.82273262,260.4980813,0,0,52,16
98.814187,406.8937288,0,1,65,18
112.5281615,459.3795441,0,0,43,13
92.81435528,380.2533485,0,1,29,14
107.8410023,441.483616,0,0,28,16
92.9810949,382.4872951,0,1,54,18
105.4240447,432.4349549,0,0,42,15
99.7949209,408.0546993,0,0,35,14
88.55789674,364.5203189,0,0,36,12
122.36448,498.5729362,0,1,40,16
118.7301175,483.2382523,0,0,55,20
95.68347421,391.6485011,0,0,35,16
107.3020184,438.2818606,0,0,43,15
110.9741199,454.2363803,0,0,23,16
108.4466149,444.760769,0,0,21,15
71.2232022,293.3022813,0,1,61,14
114.3678867,467.6364534,0,0,46,17
91.48686504,374.6209136,0,0,51,16
88.32263445,363.7741136,0,0,34,16
143.3678181,582.6154955,0,1,60,14
93.79719741,383.9838671,0,1,60,18
105.4076564,432.257387,0,0,33,17
73.25833349,302.3254812,0,0,19,14
120.1514365,490.0937445,0,1,51,18
80.19240221,328.4182524,0,0,25,15
86.49598272,356.7877671,0,1,30,14
93.01134528,382.7132044,0,1,59,14
122.3665807,499.2720717,0,1,25,12
111.3679762,453.7628186,0,1,47,16
97.59548956,401.4307551,0,0,49,12
105.6934187,431.9346374,0,1,53,13
86.07547412,353.7070602,0,0,64,11
102.5953367,422.524381,0,0,47,15
102.0955933,417.5117322,0,0,18,15
115.3941599,472.1299976,0,0,60,15
113.9909828,466.3394875,0,1,56,13
112.3070353,459.4345395,0,0,34,13
93.48858469,384.0827062,0,0,37,16
112.3826103,459.7229407,0,1,41,14
104.1523342,426.7105932,0,0,39,16
83.78827623,344.9632013,0,0,46,14
95.14773073,391.9454279,0,0,39,16
101.2237079,413.4168043,0,0,61,18
118.9513792,486.6323218,0,0,26,17
96.55586788,396.887059,0,1,54,15
87.33142566,359.8801497,0,0,27,16
100.7781801,414.0640741,0,0,53,15
98.60441805,404.1634074,0,1,54,16
105.8481922,431.3512544,0,1,45,15
112.9255459,461.445313,0,1,45,15
118.1139794,481.2722146,0,0,59,16
80.50233388,331.1450183,0,0,60,14
91.1159764,373.072257,0,1,38,13
82.89269385,340.9570477,0,0,41,13
106.5727523,435.5201775,0,1,59,12
119.8680276,486.8997806,0,0,57,13
93.31734011,383.8160559,0,0,19,16
96.52641502,398.1667153,0,0,25,14
116.8802261,477.9359672,0,1,65,17
109.193102,446.3909277,0,1,44,16
112.3543126,459.1788325,0,1,39,12
83.59434829,343.8188797,0,1,54,17
113.7633712,464.9575435,0,0,44,17
90.77849749,372.9278107,0,0,46,14
88.27186542,362.1015726,0,0,20,16
102.621181,421.9988129,0,0,61,14
89.55295896,366.5780504,0,0,30,16
94.1407813,387.1266061,0,0,62,13
81.85285561,337.1753547,0,0,27,12
117.5635057,481.9620697,0,0,53,15
120.3671569,491.6128471,0,1,26,15
78.67941551,324.2280653,0,1,44,15
115.0693309,469.8416797,0,1,51,13
89.88363946,369.4266939,0,0,18,15
109.277659,445.7895295,0,0,49,16
107.8586363,440.4914789,0,1,42,15
99.42602946,405.7568711,0,0,46,16
96.33009552,394.2397093,0,0,24,14
117.1427859,478.4736605,0,1,20,18
79.15927703,326.8065606,0,1,37,13
106.5432589,434.0200978,0,0,37,16
114.7720117,468.7633297,0,0,47,18
105.6252066,432.8910799,0,0,52,16
132.0830074,537.9539359,0,0,52,15
100.2026523,410.0128154,0,0,56,14
117.6501926,479.9966105,0,0,44,18
102.454168,419.1082654,0,0,43,13
123.5602666,503.4029746,0,0,31,14
107.5652292,440.2586368,0,1,34,15
87.4323623,361.8923805,0,1,35,18
115.0184648,469.1425025,0,1,62,16
89.74852913,368.5285625,0,0,46,14
77.26208134,318.8690798,0,0,37,15
91.38248846,374.6927223,0,0,44,14
107.8418128,442.2885718,0,1,35,14
122.107403,495.8603823,0,1,21,17
102.1499123,417.9014296,0,1,18,13
117.2295713,479.544781,0,1,18,19
71.25464173,294.60663,0,0,43,17
89.71636295,367.8974539,0,1,62,18
93.81297247,385.5384313,0,1,37,15
97.63341879,401.2795066,0,0,40,15
97.08258415,398.3816194,0,1,27,13
108.7448385,444.0005336,0,0,28,14
89.14063507,366.8719948,0,0,58,16
101.9238656,417.1265623,0,1,58,18
95.36999817,392.0683522,0,0,22,13
83.05038756,343.5473901,0,0,18,15
93.39834669,380.8354758,0,0,34,15
97.57112782,400.2354846,0,1,39,13
94.39657007,385.6962678,0,0,51,17
104.4465345,430.0559042,0,1,62,14
103.1006808,421.7658922,0,1,58,15
93.57465394,384.8910326,0,1,46,15
116.2482558,474.7677992,0,0,21,14
84.31450342,346.3164026,0,1,22,15
92.28605903,378.0709547,0,1,28,15
142.6283947,581.8665112,0,0,38,15
91.18249067,375.5356864,0,1,52,14
81.8661564,339.2725007,0,1,29,16
115.0185742,469.9417735,0,1,43,19
69.70636363,288.997775,0,1,36,16
99.51431186,407.6270051,0,1,62,17
129.3529403,526.9139136,0,1,24,13
75.32338047,310.1275839,0,0,64,16
71.99778252,297.9559579,0,1,24,13
79.21327324,325.933473,0,1,43,13
115.8532073,473.6652722,0,0,57,14
121.6228687,496.4628997,0,1,22,18
86.94707664,357.9328155,0,0,38,17
106.6942035,438.2766334,0,1,31,16
122.1219456,498.250764,0,1,21,12
124.2635025,507.6076938,0,1,40,15
110.1612953,452.5156845,0,1,59,16
67.86906969,282.6698279,0,1,37,16
87.70967748,361.8471408,0,1,32,12
91.87376374,377.0375517,0,1,62,14
94.53408999,388.2107187,0,1,46,15
97.64258087,399.0924102,0,1,25,17
117.5794091,480.6243012,0,1,58,11
117.6376931,480.6329795,0,1,65,15
96.67194146,396.5525299,0,0,36,16
122.2043759,499.6448406,0,0,65,17
111.2483007,453.6039866,0,1,56,17
102.3177993,420.7377649,0,0,63,17
108.5776269,445.0342585,0,0,45,14
103.5802014,424.0805394,0,1,63,12
137.4402363,559.3884601,0,0,44,15
84.23768615,347.2924388,0,0,21,18
95.54949607,393.5614109,0,1,32,18
104.1345553,426.4692412,0,1,52,17
107.149184,438.5653407,0,0,54,16
121.8815537,497.3453952,0,0,18,16
97.2509818,400.625701,0,1,20,14
80.16863444,330.1735852,0,1,64,15
118.3041448,482.9938741,0,1,41,19
109.3115409,448.530187,0,1,44,14
67.75445163,281.0523964,0,0,57,19
100.6742606,413.6686339,0,1,53,15
75.57234909,311.2536148,0,1,51,18
92.96497462,381.5020052,0,0,46,13
84.97995437,351.263746,0,1,41,17
119.3613864,486.574576,0,1,41,14
96.93349059,397.4236938,0,0,59,13
86.06651223,354.3809818,0,0,21,16
110.4866703,450.7772156,0,0,20,18
71.63858391,296.0221167,0,0,51,14
106.2467,434.9254666,0,1,40,13
87.10724125,358.3323138,0,1,40,15
90.41368489,372.7859772,0,0,62,15
101.1801632,416.0956718,0,1,22,17
108.1324475,441.4971065,0,1,48,17
124.308598,507.1428032,0,1,58,15
101.4476383,416.2982822,0,1,23,19
105.1667906,432.0107056,0,1,54,16
95.68866204,393.3158121,0,1,27,15
102.9631892,421.9748802,0,1,57,12
101.2149298,415.3601175,0,1,24,15
93.18010043,383.2408742,0,0,56,15
72.46094828,298.7965602,0,0,55,17
104.6723214,428.7106,0,0,38,16
109.2171677,448.1485725,0,0,37,13
93.16484466,382.2991022,0,1,20,16
83.48912136,343.9483527,0,1,39,17
121.366559,495.0257092,0,0,64,19
102.1907022,416.2824364,0,0,21,17
98.55247597,404.0688665,0,0,45,17
85.38035226,351.682528,0,1,29,16
78.45096794,323.1621135,0,1,55,16
116.5489883,474.8513759,0,1,53,18
99.64146383,407.52224,0,1,64,13
92.55267706,380.8225668,0,0,58,15
104.7749867,430.9001117,0,0,22,14
87.96779975,363.108389,0,1,30,16
122.0201595,496.5376768,0,0,40,18
120.0044778,490.6762679,0,0,47,14
90.47291977,371.0800847,0,1,54,11
88.35027345,362.6737573,0,1,42,15
56.73057036,236.3657595,0,1,65,17
79.62946742,329.0922997,0,1,44,17
82.52645676,340.9287089,0,1,31,16
99.28607166,406.8835022,0,1,65,15
101.5306423,415.8751485,0,1,64,13
78.89415295,325.9105113,0,1,53,17
102.24522,419.381122,0,0,56,14
105.3547908,432.4224198,0,1,33,20
100.1521952,409.1607446,0,0,39,17
73.44410458,303.6749757,0,1,38,14
99.4108695,406.4128885,0,0,38,14
79.72033342,328.6989118,0,1,25,15
111.3024807,454.8018269,0,1,33,15
111.9696722,457.6488799,0,0,48,18
84.81938762,348.3384722,0,0,59,16
87.63581494,358.912405,0,0,27,14
96.78701283,394.8956555,0,1,49,19
67.27285287,278.8486918,0,1,51,16
107.8233968,440.6863115,0,0,26,17
95.31890213,390.4434934,0,0,34,14
113.5310829,465.2607759,0,0,28,16
79.24252964,325.9802882,0,0,49,16
89.56996421,369.5488714,0,1,27,12
64.44459236,269.2944954,0,0,39,20
82.90870849,339.5481143,0,1,34,18
82.2766797,339.0634749,0,1,21,15
117.5422576,479.5775027,0,1,65,13
88.78757012,362.0936391,0,0,64,16
103.5956063,422.7686765,0,1,42,16
85.90481955,354.2525133,0,1,38,16
81.06428779,336.1418937,0,0,54,16
91.09499574,375.1326081,0,1,55,17
104.4961496,428.1369761,0,0,18,18
81.46851877,335.7184553,0,1,42,17
117.5899328,481.8496542,0,1,53,13
89.07584366,368.3042921,0,0,34,18
93.16635768,381.9258177,0,1,58,19
108.2261981,440.7285146,0,1,41,22
87.52972983,357.8775808,0,1,19,13
98.7282965,406.0726379,0,1,57,16
97.3290527,399.1095085,0,0,32,11
96.73877598,396.979554,0,1,49,17
66.98873501,276.0538675,0,0,56,14
71.33018948,294.4497891,0,1,23,19
112.8878405,461.0714527,0,0,18,14
119.7509965,489.016218,0,0,64,12
79.98330368,329.4028615,0,0,40,15
94.35187323,386.2156805,0,1,56,12
101.3401191,414.4101452,0,1,34,17
103.4898519,424.9977319,0,1,51,11
65.78203418,273.2636159,0,0,58,16
96.81419066,397.7098355,0,0,46,11
97.78935874,400.0985217,0,0,26,15
118.564366,481.1111958,0,1,30,19
141.1502358,573.8482998,0,0,23,16
93.95101981,384.7835953,0,0,23,14
77.70035548,321.0220254,0,1,37,15
108.7325696,448.0367872,0,1,20,16
121.9147772,498.1550126,0,0,34,16
99.65196169,411.1793352,0,0,29,13
80.69362014,333.2099663,0,0,65,17
127.8730193,520.6539292,0,1,64,10
109.7334958,449.1022584,0,0,62,14
83.64045216,346.2039657,0,1,18,15
106.518495,437.7284511,0,1,34,17
114.3347269,466.5769393,0,1,20,16
118.5676993,484.3302488,0,0,43,13
104.493692,426.3749512,0,0,32,14
94.4694691,388.5471262,0,0,53,16
114.1050442,467.786417,0,1,49,15
81.53462166,336.0438686,0,0,49,14
105.0640239,429.4169449,0,1,21,15
85.48041043,352.1409163,0,0,35,17
121.0145481,494.2779404,0,1,36,14
96.89916915,397.5188129,0,1,60,15
114.2605085,467.0339356,0,1,52,20
102.809712,420.8966743,0,1,57,13
82.04609407,339.0447133,0,0,31,12
123.0649874,502.7950589,0,0,50,17
122.1199175,497.2976477,0,1,31,14
111.6591634,455.4438856,0,0,51,15
86.54056165,355.7655659,0,1,21,14
95.65553501,393.2016965,0,0,41,15
92.9885538,381.9494928,0,0,46,19
85.37410879,350.7129996,0,0,36,17
123.2272922,502.9694994,0,1,23,17
107.3387947,438.8488289,0,0,50,13
56.51821058,236.8585854,0,0,57,13
106.1556879,434.7818975,0,1,36,10
96.02317205,393.619962,0,1,18,14
104.4105379,427.7025895,0,0,22,17
99.86207905,410.5991246,0,0,44,17
112.2214977,458.1331074,0,0,33,15
115.2404953,471.1761678,0,0,23,15
101.9322142,417.4913997,0,0,57,14
94.28482043,387.4113009,0,1,30,16
97.98392058,401.1206691,0,1,65,17
102.8506383,421.344351,0,1,52,12
89.98187737,370.886978,0,0,36,16
111.3965812,454.467531,0,1,29,17
112.2835319,457.6216737,0,0,33,15
130.9113092,532.1409248,0,0,60,17
119.6776348,487.3449386,0,0,27,21
94.45155595,388.2462486,0,1,42,15
111.2431734,453.3854798,0,0,37,16
90.81300769,372.8050134,0,1,48,14
115.032074,470.5583619,0,0,21,16
96.62412634,396.7544627,0,1,61,16
85.36257345,350.9243651,0,1,40,16
101.8689975,417.4999137,0,0,19,13
54.62623139,228.5206626,0,1,39,16
73.90574522,305.2766293,0,1,54,18
103.8121587,424.8678529,0,0,25,16
100.3385893,413.424415,0,0,24,17
97.94096601,402.4122101,0,0,31,15
80.01750289,332.4176954,0,0,20,17
86.93258654,357.0905468,0,0,33,16
111.4790842,455.6491104,0,1,36,14
97.4319072,398.2362086,0,1,35,16
95.20463743,389.8530417,0,1,33,14
114.0367637,467.8618233,0,0,25,14
103.0242359,421.4063468,0,0,50,16
90.47058221,373.6521493,0,1,29,16
97.29239712,397.7671194,0,1,28,13
80.86619777,332.2784107,0,0,22,18
101.1036319,413.9077333,0,1,44,17
113.2273571,462.6606141,0,0,29,14
105.750022,433.7496753,0,0,34,12
122.9656299,502.1124449,0,0,23,15
93.27404573,382.5268569,0,1,50,15
114.2562672,466.7050711,0,0,22,16
101.3272962,414.824192,0,0,45,15
128.0062741,520.9020817,0,0,31,11
106.2441839,433.9152065,0,0,22,15
111.7022669,457.6538899,0,0,50,15
124.9812032,507.8934905,0,0,65,17
102.9203714,423.1295926,0,1,58,14
101.0515414,413.6976924,0,0,36,19
124.1262151,505.5301399,0,0,39,12
99.44737407,408.3659092,0,1,22,18
84.17626748,348.0510661,0,0,19,15
133.2438655,543.8755441,0,0,47,17
98.47898548,404.2560915,0,0,64,16
103.6179747,425.3886067,0,1,56,18
111.7496938,455.1002376,0,1,21,15
97.02003791,397.3993614,0,0,50,13
81.42532396,334.6562633,0,0,30,18
109.1630621,447.6978079,0,1,37,15
73.07306131,301.788052,0,0,24,16
100.7268115,413.5872177,0,0,32,18
108.5591139,444.5944746,0,0,40,13
98.01139573,401.0228668,0,0,31,17
79.21499138,326.1425503,0,1,40,14
125.9546745,514.9065529,0,1,36,15
93.83621485,384.4156105,0,1,46,16
122.2905114,499.0872782,0,0,37,12
91.97289537,376.9582569,0,1,46,14
87.82065128,360.8243232,0,1,41,18
99.80684538,409.0176125,0,1,35,17
92.36123641,378.5106749,0,0,27,15
89.08984142,365.2528176,0,0,58,16
126.6762319,516.7844871,0,1,25,15
90.98667159,372.9527679,0,1,43,18
73.46537179,302.9296578,0,0,46,15
119.2794251,485.9842537,0,1,27,16
95.05403349,389.982233,0,1,34,18
88.51490988,364.8573982,0,1,19,14
77.82641556,322.6831176,0,1,23,19
125.4528631,510.8811817,0,1,22,12
79.3113296,329.2639236,0,1,45,19
101.3049993,414.0496723,0,1,58,15
111.6704758,457.5824186,0,0,22,15
107.9845874,441.0402371,0,1,35,12
97.29555016,398.1520166,0,0,43,15
76.6806917,315.85167,0,0,37,13
93.05635564,382.0201668,0,1,58,14
100.2808722,411.5388455,0,0,44,15
88.00634214,362.5502165,0,1,29,17
105.2386986,429.838874,0,0,24,16
108.8271358,444.1412276,0,1,20,16
116.6423718,475.4626634,0,1,27,13
84.1635455,346.4042659,0,1,51,14
137.63875,560.1207961,0,0,42,19
109.4328903,446.6027445,0,0,52,14
96.54281497,396.2823506,0,0,33,19
115.4601305,473.9135256,0,1,19,15
131.9638208,537.1357134,0,0,41,16
81.01053883,333.4752534,0,1,27,18
92.31202075,379.6558822,0,0,55,18
73.98611713,305.2635468,0,1,39,15
108.4179007,444.1629022,0,1,43,15
105.8744773,432.6063241,0,1,60,15
103.2246023,424.5607046,0,1,56,16
83.96939737,346.0839309,0,0,44,17
79.68357389,327.9830794,0,1,46,16
103.5845048,423.5798955,0,0,64,17
121.699136,496.0843107,0,1,55,19
84.04573169,347.4167097,0,0,37,16
108.8904597,444.1154416,0,1,44,16
72.38233286,298.741893,0,1,58,12
107.6087888,439.6976154,0,0,37,10
92.2600551,378.8729832,0,1,61,16
84.58754899,347.9399103,0,1,36,15
85.71222109,351.2171697,0,0,37,14
95.33805801,390.7960909,0,0,52,16
100.9518901,413.5425927,0,1,64,15
77.65429141,319.8611234,0,1,19,18
97.03623077,398.6722297,0,0,47,16
110.1329699,451.2707797,0,1,51,14
85.76004898,352.8206809,0,1,39,17
123.6313869,504.5542674,0,1,20,15
86.06430666,351.9553885,0,0,23,17
90.42191413,371.1181065,0,0,32,15
84.2624725,347.9155455,0,1,44,14
130.9427474,533.1342993,0,1,27,16
109.508184,447.1166278,0,1,26,16
89.91971023,371.8078067,0,0,50,16
115.6831344,474.3618701,0,1,49,15
108.656973,444.9175001,0,1,65,12
103.53537,425.1103465,0,0,23,15
91.28535903,372.7663942,0,1,58,17
97.80807018,400.2846154,0,0,53,15
98.10676013,401.7963641,0,1,19,15
89.20538055,366.4389665,0,1,46,17
125.0941913,509.6829481,0,1,21,14
91.33112105,372.6254078,0,0,18,12
130.6230536,532.6651731,0,0,36,15
104.6488266,428.9673735,0,0,43,15
103.506197,425.4565042,0,1,42,14
122.5520005,499.2200048,0,0,27,15
92.35750944,378.4085112,0,1,32,16
117.2203804,476.0111325,0,1,39,15
60.43075659,251.3289279,0,0,65,16
89.33910174,368.1102746,1,1,38,19
85.46705479,351.1160049,1,1,39,15
80.69232773,334.7788442,1,1,53,16
99.55042222,407.7819813,1,1,51,14
107.5990854,440.3671872,1,1,47,14
110.7591638,451.4929549,1,0,42,14
109.9962565,450.0922097,1,1,62,15
78.47976685,321.8110232,1,0,45,16
107.9190148,442.1928802,1,0,18,20
105.0783268,430.8653892,1,1,62,14
118.9774014,487.0740674,1,1,21,15
111.7401406,455.7582904,1,1,24,15
101.6304781,416.515868,1,0,26,16
90.82236882,373.7038103,1,1,53,16
96.51004567,396.3239348,1,0,36,18
90.88826954,372.5387634,1,1,18,11
96.67832449,394.1636506,1,0,27,11
111.080501,454.4871694,1,1,53,15
102.5735049,419.9735305,1,1,26,18
96.81282181,396.5260062,1,0,62,12
106.4488542,436.3848083,1,0,63,9
106.8634693,437.2340641,1,1,59,17
94.68992971,387.2856095,1,0,49,16
84.65938539,346.5674623,1,1,49,13
70.47022111,290.6356669,1,0,23,14
87.54413961,362.4246009,1,0,65,14
113.6357226,465.0796355,1,1,55,16
87.27847356,359.158843,1,1,34,14
97.17842356,398.3726843,1,1,27,16
104.3243266,426.879162,1,0,44,10
111.5271479,457.0929503,1,0,52,14
81.98583388,337.3178126,1,1,38,13
114.9125187,470.0389796,1,1,42,15
110.5218787,451.5584633,1,0,45,14
76.93073272,319.5352734,1,0,64,17
88.00940321,362.6348474,1,0,32,12
112.9120025,462.7084833,1,1,21,16
106.5610923,435.4857652,1,1,46,17
58.78184705,246.0870895,1,1,26,19
76.13548661,314.1037275,1,0,44,15
96.6659206,396.6150712,1,1,43,16
81.42754953,337.2103616,1,0,36,12
89.71883016,367.6854714,1,1,45,11
96.99403386,398.0201751,1,0,34,17
118.319555,483.5228163,1,0,60,15
94.835275,389.7052223,1,0,58,18
124.2464766,506.3325889,1,1,59,13
122.0931775,500.2588706,1,1,37,17
126.597736,514.8900561,1,1,62,19
106.6430099,437.8557825,1,0,57,16
75.33735633,312.4395151,1,0,56,16
96.05211087,395.9509519,1,0,40,16
114.8549307,467.6444378,1,0,64,12
104.3551732,426.381309,1,0,49,18
124.2326367,508.2192021,1,1,64,14
120.2963073,489.1125452,1,0,50,17
114.8064045,467.4321862,1,1,63,12
114.7660266,468.3884434,1,1,22,13
103.330228,423.3435686,1,0,60,18
58.87811973,247.0059016,1,1,65,15
90.33163809,370.9928893,1,1,51,18
113.3734342,462.7004175,1,0,57,15
89.93836631,369.9168884,1,1,28,12
91.1612229,374.9645023,1,0,20,17
87.07824844,358.6107892,1,1,50,14
129.6239644,528.1066287,1,1,28,17
118.9259248,483.5551908,1,1,33,16
93.27944573,382.047348,1,1,35,12
104.6068748,429.6758998,1,0,47,16
93.12963663,382.5525944,1,1,65,20
106.5330723,435.635513,1,0,27,16
110.4800484,452.8572191,1,1,35,15
117.0288368,476.7945129,1,0,55,18
104.9272743,429.3120243,1,0,36,16
152.4007322,619.4928901,1,0,53,16
85.09238089,349.7882308,1,1,30,13
79.2367846,326.9171344,1,1,63,16
95.61489372,392.1150349,1,1,20,18
79.15477112,325.0897055,1,0,27,14
71.25724612,295.0924254,1,1,55,18
86.8000681,355.7296288,1,1,18,15
83.56169348,344.2746792,1,0,44,14
82.62931072,341.7546768,1,1,63,17
115.0966888,469.9177648,1,0,25,15
91.88970678,376.2368492,1,1,63,17
93.63249898,384.2493084,1,1,59,15
112.3227927,458.2758893,1,0,34,15
83.63786201,345.0079539,1,1,26,16
102.1091615,418.1214088,1,0,23,16
103.0460493,423.7244705,1,1,60,12
73.3241165,304.3377205,1,1,42,13
69.97980925,289.6502964,1,0,56,17
103.5336172,424.6802059,1,0,45,15
109.8531879,448.8399793,1,0,50,14
127.1948184,518.6057881,1,1,54,13
112.5004471,459.4565715,1,0,26,13
116.3892296,476.1329211,1,1,35,11
96.63726688,397.8229266,1,1,38,15
101.7088201,417.4669418,1,0,19,14
124.9038998,510.3334023,1,1,60,14
67.10809721,279.2437248,1,0,55,15
114.3628036,467.8153442,1,1,57,16
127.4835208,518.5873621,1,1,53,20
105.112917,431.9798474,1,0,60,12
125.0364167,511.7453796,1,0,54,18
90.42931004,371.3348266,1,0,32,17
99.42553783,407.168586,1,0,45,14
100.379784,411.9667608,1,0,35,16
70.55766452,292.6644051,1,0,51,15
85.24833548,350.6511354,1,0,39,16
85.55760426,350.8400554,1,1,28,19
100.5362623,412.2858361,1,1,30,17
114.6283638,468.8773409,1,1,21,17
98.57847698,404.8777779,1,0,39,15
115.2939578,471.3365892,1,0,24,13
103.7782155,424.671878,1,1,60,15
114.6709676,469.4900764,1,0,41,18
99.42546422,407.6046635,1,0,21,12
98.81099961,404.6172286,1,1,45,13
101.2993227,414.850697,1,0,32,16
110.9920729,452.0415058,1,0,18,14
100.9366752,413.3990993,1,1,20,14
116.6491969,477.0943864,1,0,31,15
84.32231262,347.4900375,1,1,55,13
84.12387101,347.8769974,1,0,18,14
113.9298968,465.270504,1,0,55,17
92.05894916,378.5716811,1,0,55,13
93.87161706,386.1247585,1,1,38,12
113.4172628,465.8255779,1,0,65,14
94.13140568,386.5157819,1,0,46,17
96.58568881,395.1405119,1,1,22,15
117.1814197,479.3818548,1,0,27,15
123.4670911,505.5318789,1,1,45,16
119.6034006,487.8958954,1,0,38,12
88.40349543,364.3093395,1,1,24,16
121.718824,497.9048621,1,1,20,16
88.41840836,364.544881,1,1,62,15
88.60125914,364.3848411,1,0,64,18
70.283908,290.3210298,1,1,37,13
122.7829805,500.8503023,1,0,36,18
81.64953789,336.9219832,1,1,52,16
98.16223178,403.3957913,1,1,21,15
85.29026912,351.3544797,1,0,22,15
107.4022012,439.0532755,1,0,18,15
94.38489245,387.9397736,1,1,21,18
78.3137246,323.9853893,1,0,29,13
99.62178766,408.7032794,1,0,44,14
77.06107098,317.2811843,1,0,59,18
83.22767268,342.5922478,1,1,40,14
69.65219965,289.440843,1,1,42,17
76.34787758,313.8829393,1,0,38,19
107.4682239,437.6046757,1,1,41,15
77.27947348,320.4977776,1,0,42,17
80.8337109,333.7127737,1,0,62,13
94.09904635,386.8481761,1,0,63,17
98.20683954,401.5899052,1,0,49,16
136.5390985,556.6712534,1,0,49,16
127.9357912,521.8096896,1,1,22,14
92.61073841,378.7071432,1,0,53,12
106.4940863,437.2257383,1,1,63,17
104.1169002,426.4557018,1,1,59,11
88.33295844,362.7906335,1,0,59,15
84.81895625,348.7583319,1,0,56,17
94.18966253,384.5895924,1,0,33,16
97.7455415,401.4149366,1,0,50,19
93.93869435,385.8622897,1,1,38,18
104.9257898,429.3373441,1,1,26,14
87.30100333,360.3383632,1,0,23,16
83.34321855,341.8522743,1,1,62,15
99.72841055,408.1536083,1,1,52,12
100.4423929,410.7552613,1,1,56,14
83.54482992,343.7630195,1,1,39,14
118.5632382,484.126772,1,1,58,11
77.25300444,319.3143056,1,1,22,16
88.42567729,363.2104515,1,1,59,15
91.46244254,374.8224854,1,1,40,12
89.65690934,370.1655781,1,0,34,16
98.1357382,404.7926759,1,1,29,17
131.0019033,533.9373249,1,1,40,16
90.38966273,370.6536091,1,0,33,15
140.5350923,573.3864687,1,1,20,17
108.5842393,442.7131147,1,0,47,17
102.2050931,418.3182717,1,0,39,16
110.1378004,449.6752145,1,1,26,14
136.1195616,553.0974717,1,1,46,16
79.77112019,328.6729873,1,0,64,18
86.42118682,354.6787037,1,0,54,14
93.96653192,385.7244924,1,1,40,20
96.34874585,395.264055,1,0,30,14
77.73313737,320.1831445,1,1,49,16
107.4020577,439.0620924,1,0,63,14
125.7454768,512.5460398,1,1,64,16
99.33990275,408.0062545,1,0,65,12
96.44133868,395.4587418,1,0,40,14
88.86207005,366.1265313,1,0,62,13
111.356338,455.8288335,1,0,34,16
89.68215992,369.1525094,1,1,57,17
121.6307921,497.7119296,1,1,38,17
123.5749785,502.9793312,1,1,19,11
104.2710696,426.4405189,1,1,54,20
100.0792311,411.9154569,1,0,23,16
117.1819433,478.2791452,1,1,61,14
124.2732867,504.0763927,1,1,35,16
88.66461115,364.3097524,1,0,47,16
94.83329284,389.3123859,1,0,39,14
76.59402009,313.6335138,1,0,50,16
109.5526612,449.3648346,1,0,47,14
108.238061,442.0617067,1,1,34,15
80.36996634,331.6757582,1,1,60,14
93.07481398,381.9205062,1,0,49,13
84.25764858,345.6040013,1,0,59,16
81.61162082,335.2418784,1,1,31,17
99.47298078,406.7941226,1,0,27,17
88.48052439,364.8618248,1,1,64,17
97.70178563,400.4994046,1,1,53,16
76.53094916,315.4757408,1,0,51,14
108.0777901,441.2000715,1,0,26,17
101.4270647,416.7377138,1,0,59,13
87.14620843,359.905073,1,1,45,14
88.19948863,363.8371636,1,0,28,14
102.0970456,418.7131344,1,1,31,18
92.22671828,379.0450851,1,1,56,17
76.61938426,315.135545,1,0,64,16
127.5488717,519.7417711,1,0,36,18
92.5242766,379.2615416,1,0,32,14
94.82616138,387.3242037,1,0,45,16
118.0038275,482.8792019,1,0,41,15
159.8491591,648.4414299,1,0,25,17
80.97494602,334.9617413,1,1,60,15
102.5732512,421.0063485,1,1,26,15
89.45713541,368.2379644,1,1,64,17
83.35499853,343.8953201,1,1,50,17
90.88170898,372.7624171,1,0,50,14
85.25954849,352.7549421,1,1,36,15
106.4267323,435.5758244,1,1,20,13
77.43847331,319.9278538,1,1,27,11
116.1834444,473.8951431,1,0,57,16
97.71987047,399.7884013,1,1,64,17
105.2539482,431.3205605,1,0,59,16
87.2423334,359.0432298,1,1,18,12
94.05130868,385.2617776,1,1,46,15
103.434435,422.1304611,1,0,51,11
84.070527,344.8742352,1,0,30,18
92.47384988,380.9391576,1,1,18,13
87.77521304,360.343461,1,0,51,18
85.64315691,352.0928819,1,0,46,17
67.35450444,280.7560556,1,1,65,14
120.7605205,491.723242,1,0,64,13
90.20100338,369.9290471,1,0,30,16
120.8445782,492.4125811,1,0,65,14
115.8968142,475.0153192,1,0,46,16
79.64350653,330.4352355,1,0,56,15
83.28497708,343.75397,1,0,41,12
135.9043058,554.1789364,1,0,43,11
125.1752364,509.916624,1,0,34,16
107.9962326,443.7547571,1,0,24,14
100.5511123,412.3072225,1,0,30,14
89.759653,369.7438247,1,0,22,17
105.2784196,430.8358193,1,1,43,18
88.58997967,363.9463076,1,0,20,15
68.5182985,285.6219875,1,0,24,15
81.62731503,336.9142181,1,1,56,17
93.81434623,386.5541387,1,0,18,13
87.51869596,360.1860376,1,1,34,16
101.8628129,416.4363104,1,1,60,17
79.24122317,326.2510493,0,0,42,17
79.52118772,328.0564935,0,1,20,12
109.233804,446.1302638,1,0,32,14
103.0836482,421.0587081,1,0,46,14
110.5215119,453.1062221,1,0,60,16
115.704696,472.0850798,1,1,49,16
100.3198956,411.253274,1,1,43,18
119.2885529,487.255443,1,0,33,15
93.22747821,382.1688922,1,0,42,15
94.9093027,390.9316376,1,0,45,18
75.55546359,310.9803205,1,1,26,16
93.36368462,383.5629386,1,0,18,18
111.9467769,457.8500852,1,0,46,16
115.4319248,471.4848507,1,0,39,13
115.7901276,471.6749278,1,1,33,13
76.51431083,316.8013403,1,0,58,12
119.9603822,490.3888839,1,0,61,17
75.05070641,309.4034957,1,0,58,18
111.8280654,457.8366141,1,1,24,19
97.68152521,400.9406323,1,0,31,17
112.1199191,457.0162577,1,0,46,18
80.88229654,332.5422403,1,1,36,14
115.4680241,472.8212495,1,0,36,13
76.36944039,315.6609134,1,0,19,17
90.60589514,371.7105934,1,1,58,16
95.12702784,389.4938379,1,1,62,16
75.22172187,310.2473947,1,0,32,16
99.31382432,406.6481585,1,1,20,16
124.1123191,505.4011529,1,0,28,18
138.3926723,561.6042834,1,1,63,18
110.5118112,453.0060557,1,0,47,17
115.5004709,472.7834038,1,1,57,17
107.4527379,438.3623514,1,0,35,17
106.3230604,435.2544511,1,0,65,15
96.25190318,393.9477954,1,0,19,17
106.4366661,435.3109727,1,0,49,13
106.1179645,433.9535101,1,1,25,18
89.09523813,365.8067956,1,0,39,13
105.8165738,435.0952042,1,1,23,16
103.4042205,423.0073535,1,1,29,14
115.9060017,472.6266923,1,1,64,17
87.49452979,359.071909,1,1,57,15
101.4068193,416.5044523,1,0,53,12
137.1068406,556.5526388,1,0,32,16
117.9846338,480.9835191,1,1,45,14
122.8970186,502.8337636,1,1,62,17
94.90179542,389.6952897,1,0,35,16
101.8568659,417.4524048,1,1,19,16
110.5756918,454.2532125,1,1,30,14
128.8526319,525.4466971,1,1,62,14
60.8410512,252.5549966,1,0,32,15
78.99169575,325.5544842,1,0,37,17
108.0109083,440.7319081,1,1,46,19
92.85976228,382.5419694,1,1,59,14
88.29675398,363.6161312,1,0,46,18
87.06299284,359.2326924,1,0,20,11
93.59980704,385.4580289,1,1,36,13
75.96322599,313.3133678,0,0,20,14
135.9855466,552.776323,1,1,31,13
100.075797,410.0874398,1,1,57,12
99.62175444,407.4512762,1,0,21,16
104.3532048,427.4068133,1,1,28,15
110.8205459,454.2325876,1,0,48,16
111.2333915,454.5835929,1,1,60,17
116.6378253,476.5106921,1,1,49,16
91.18630981,374.501593,1,0,44,17
102.0502522,418.8362019,1,1,47,15
113.421979,462.8349996,1,0,60,13
81.59230522,334.0391589,1,1,19,18
101.3155251,415.5667427,1,1,26,14
100.5226824,412.9133986,1,1,45,14
108.2582227,443.3019444,1,0,48,15
70.4151981,290.9042002,1,1,51,14
108.4120651,442.3363137,1,0,32,15
91.33110843,375.6686638,1,1,65,16
111.7714981,457.0446537,1,0,42,16
106.354278,435.1172724,1,1,53,14
125.8969168,515.2040487,1,0,25,15
129.6024142,527.251956,1,0,26,18
115.2283887,472.4995918,1,0,54,16
120.8663436,493.2998382,1,0,65,20
94.61550251,386.4718508,1,0,62,18
99.61984883,408.1369379,1,0,56,18
116.0106061,474.8119955,1,1,49,13
114.2104002,466.2900298,1,1,34,17
96.01270328,392.4190669,1,0,52,15
109.9743601,449.5531048,1,0,54,14
110.0026685,448.9739122,1,0,36,16
94.37901039,387.8527149,1,1,61,17
117.6149315,481.0407094,1,1,46,17
95.36259649,390.2380204,1,1,24,14
129.45871,526.9182687,1,0,45,17
72.15961242,299.275382,1,1,26,14
93.7921242,384.1559901,1,1,45,16
96.1041261,393.1770754,1,1,23,15
117.1171366,477.0990158,1,1,46,15
109.6889896,448.9284258,1,0,34,17
104.5971605,428.526389,1,1,33,13
79.63856173,327.7391053,1,0,40,19
87.68119383,360.5856265,1,1,48,12
97.6618475,402.0137169,1,1,20,14
78.55954336,323.1348593,1,1,38,16
92.19286056,376.669032,1,1,43,17
107.921591,441.9646539,1,1,53,15
86.32262395,355.0380794,1,1,59,15
126.8737566,516.5783698,1,0,54,16
118.5658876,484.7217419,1,1,39,15
75.28765341,311.8650927,0,0,59,18
84.71872678,346.5280179,0,0,29,17
63.59363978,263.6165146,0,0,59,17
91.74921913,379.1627277,1,1,30,14
109.2544555,447.4222578,1,1,28,15
97.51871938,400.5907448,1,1,33,15
107.3319875,440.3247142,1,1,25,13
75.41111969,311.5369328,1,0,57,16
114.7902347,469.7697149,1,1,57,14
89.10024311,366.9722456,1,1,62,17
103.0775494,422.6801671,1,0,19,13
99.79865788,408.7091359,1,0,47,19
78.87402723,325.5379526,1,0,47,14
85.15326276,349.8847356,1,1,29,16
117.0510785,478.0259181,1,1,27,17
110.9602099,452.4913523,1,0,61,14
119.9642107,488.8706707,1,1,28,17
107.1787954,438.2575664,1,1,32,13
97.97457515,400.7942774,1,1,33,18
84.23881985,346.3117374,1,1,34,16
90.66727033,372.3562128,1,1,43,14
103.7288026,425.1474139,1,1,19,15
131.3753669,536.2362303,1,0,29,17
105.9510967,433.1673356,1,0,43,14
122.893985,502.7099605,1,0,40,14
108.9927271,446.7308273,1,1,35,15
94.89177398,389.9152237,1,1,49,13
99.24431645,406.9681277,1,1,55,19
102.8377248,421.5014195,1,0,64,14
76.90025409,318.6606033,1,0,20,17
101.5149522,417.1165418,1,1,55,16
92.96992827,383.0614352,1,0,20,14
125.7432219,512.8090906,1,1,47,15
68.7117896,285.2880104,1,0,18,17
118.0436049,483.3246363,1,0,47,15
89.52425205,367.3263616,1,0,62,18
86.43939174,355.2970313,1,0,49,18
119.0537103,486.0364632,1,0,45,17
113.9454326,466.4947312,1,1,38,15
120.4826115,492.6485589,1,0,63,13
116.4281841,475.2917555,1,1,30,14
129.3985971,525.8754286,1,0,44,16
113.0286374,462.175863,1,0,53,17
102.4367049,418.6610391,1,0,24,11
109.8188043,447.6062386,1,1,39,15
116.3588436,473.9819103,1,0,27,16
87.97222663,362.0704593,0,0,56,15
91.51726714,377.2791942,1,0,32,18
90.21930838,370.7678209,1,1,32,16
75.14200436,310.6551361,0,1,21,18
102.3641171,420.4711749,1,1,49,15
73.17388406,301.0306691,1,1,40,17
98.8284391,405.6716642,1,0,23,19
108.0160237,441.8757546,1,1,41,18
90.76808245,373.4889917,1,0,37,13
126.3850399,514.8507353,1,1,54,15
81.11955445,333.5268697,1,1,37,15
118.8646169,485.4048145,1,0,29,16
111.8598424,458.904999,1,0,50,17
73.24176643,303.7064932,1,1,45,14
143.0050367,581.2799422,1,0,25,16
105.3181281,429.7596367,1,0,18,11
89.99371199,368.1455225,1,1,54,18
82.46596399,341.043538,1,0,39,14
98.21596999,401.7480984,1,0,23,16
92.4141946,379.1795931,1,0,38,15
97.70121333,401.9652783,1,1,49,18
97.69246049,398.996342,1,0,52,10
109.7996745,450.5107583,1,1,32,15
96.28439666,394.7260558,1,1,22,15
78.01330955,320.7763443,1,1,63,15
101.0050823,413.6075353,1,1,65,19
69.85223711,288.5709233,1,0,23,14
106.0287232,434.3819599,1,0,42,17
82.41552168,338.8784029,1,0,63,16
102.5607571,418.1641205,1,1,57,18
116.8398123,476.9479073,1,1,46,14
92.33973452,377.8512525,1,1,24,14
119.4291808,487.7259526,1,0,57,18
95.92044026,392.3376956,1,1,30,16
131.5952627,535.6787666,1,0,55,12
86.7782004,357.1525284,1,0,35,14
90.08215384,369.9681694,1,1,19,16
105.4091651,431.7144048,1,0,25,17
93.77269294,385.6168122,1,1,28,14
86.4668837,354.567774,1,0,50,10
95.81865399,393.0529972,1,0,55,17
100.5845357,408.8451009,1,1,65,13
125.8645207,513.500016,1,1,44,11
68.90961753,285.2235666,1,0,37,10
103.5249622,422.94722,1,0,29,17
110.3676073,451.6055066,1,1,60,16
96.70034904,397.8149678,1,0,48,15
116.3209735,474.6180291,1,0,44,18
98.62564756,403.3964172,1,0,49,17
102.022707,418.0886179,1,1,27,19
111.0851178,452.8237351,1,0,20,13
97.15948577,397.8184343,1,0,62,15
93.9212793,386.7528182,1,1,44,12
116.160838,474.5157248,1,1,52,15
90.99416378,371.9484088,1,0,48,15
89.85978994,367.49517,1,1,32,17
94.38580326,387.5502786,1,0,33,16
123.7001558,505.4608295,1,1,30,17
50.18098354,209.0227036,1,1,52,17
108.2886243,443.4268391,1,0,28,20
99.53945167,409.3244204,1,1,38,15
77.99662801,323.7448731,1,0,28,14
105.6679573,432.82992,1,1,47,16
109.4089475,447.9634073,1,0,65,14
106.1510841,432.2982327,1,1,52,18
57.26153847,241.0494866,1,1,39,15
124.628604,507.7358314,1,0,55,14
88.9528371,364.7319845,1,1,48,15
111.7843251,456.6994145,1,0,31,17
110.2357524,452.2737734,1,1,41,15
90.7819694,375.1858493,1,0,49,14
107.8197822,441.2280461,1,1,53,19
94.01388631,386.8988699,1,0,49,14
72.40326721,299.5364583,0,1,32,16
122.5578991,498.9942032,1,1,60,17
86.61506778,357.7938972,1,1,52,12
95.36040031,390.6632085,1,1,20,16
95.5463351,393.5634458,1,0,33,13
100.2530524,412.1458927,1,1,22,17
100.9585803,414.2826444,1,0,38,14
107.0329855,439.7850028,1,1,27,17
81.97793426,340.0080798,1,1,36,18
89.02935904,365.7958744,1,0,42,17
98.89760065,404.6197606,1,0,21,16
125.1727982,508.6234737,1,1,46,15
102.5953025,422.4569096,1,1,36,14
111.999562,457.3756159,1,1,60,18
96.48295876,396.9081087,1,0,19,14
94.55329353,387.316992,1,0,27,13
103.0528687,423.5803081,1,1,60,17
96.40280725,394.7532101,1,0,42,14
112.2043196,457.4425824,1,0,37,14
125.2635939,510.6416125,1,0,65,13
108.9984789,445.2840262,1,0,36,15
116.9091362,478.0416279,1,1,40,15
81.49754751,335.8044733,0,1,41,16
85.28551502,351.6291108,0,1,28,17
88.42042453,363.2453785,1,1,63,17
109.7738434,448.250966,1,0,51,15
90.45606951,371.0922806,1,0,45,15
114.0942569,468.2346726,1,1,22,17
82.56840047,340.3626278,1,1,22,18
101.4111044,413.4952574,1,1,38,16
113.4803567,463.2159315,1,0,29,15
66.7101593,276.8267725,1,1,21,14
132.8607154,543.071033,1,0,59,13
94.43121619,388.5981242,1,1,37,17
72.77500176,300.0582659,1,1,55,17
103.6553641,426.8690644,1,0,42,17
101.0690907,414.0795705,1,0,31,15
105.3482308,432.4662664,1,1,28,18
117.8651026,480.1133566,1,0,49,15
108.7945274,442.6029053,1,0,28,17
104.4673163,426.2903176,1,0,35,15
106.7921138,433.744624,1,1,44,14
99.09673512,408.3356955,1,0,35,17
137.0862335,558.3361323,1,1,40,16
79.62821302,327.4572252,0,0,28,16
94.28991056,387.4572834,1,1,38,16
99.14483418,406.6060284,1,1,61,15
104.8126877,429.6998044,1,1,22,20
86.35864896,356.5015266,1,0,40,18
66.22311932,274.492759,1,1,58,17
99.20656177,405.7840941,1,0,42,16
98.47602827,404.5700603,1,0,58,18
124.2313843,507.5248602,1,1,27,17
81.28023552,335.0876428,1,0,39,16
118.8810064,487.5065771,1,1,36,15
135.4481233,551.1342175,1,0,18,15
89.09286823,365.3254848,1,1,24,9
83.02418997,342.3779002,1,0,21,16
101.925969,416.8621931,1,0,18,15
102.1888331,419.0832158,1,0,32,19
107.0968577,437.3794707,1,0,57,16
85.75205705,352.4669991,1,1,29,13
120.0448975,491.8736809,1,0,39,15
85.42929101,351.1711082,1,0,39,13
78.5367167,323.2187278,1,0,64,16
117.9924158,482.947163,1,1,34,16
69.40888068,286.4698928,1,0,46,17
100.1097247,409.5821225,1,0,63,14
149.1520487,606.9419791,1,0,31,16
97.52554035,400.8802207,1,1,37,13
84.21897501,347.9571935,1,0,65,17
96.08487032,393.4348855,1,1,50,17
99.64860666,409.0268246,1,0,60,16
104.0757699,425.6667047,1,1,32,16
116.996799,477.1906642,1,0,29,16
79.50731466,329.1008311,1,0,57,19
127.5912121,519.607451,1,1,37,15
109.9466491,449.8848471,1,0,47,16
114.2840122,467.1047865,1,1,55,13
94.24811752,385.7674087,1,0,20,14
121.9963869,498.7521395,1,0,45,16
101.6792629,417.1104882,1,0,43,18
100.1542218,408.4672095,1,0,47,15
80.7930338,333.3162298,1,0,30,15
85.35574002,350.5097827,1,1,30,15
102.0203323,419.0108,1,1,19,14
98.60876362,402.8285232,1,0,54,16
92.41342903,379.1455809,1,0,55,13
88.95545139,366.0374151,1,0,19,18
109.3459396,447.2591951,1,0,53,14
90.61234849,373.063127,1,1,43,17
98.78360409,403.4546125,1,0,28,13
101.0756908,415.7883621,1,1,25,17
73.80325673,305.6159252,1,0,61,17
77.57475152,321.5301122,1,1,57,16
109.1616758,447.3420064,1,1,60,14
91.06576087,374.1017927,1,1,39,16
113.7693807,463.6078813,1,1,37,13
120.1915579,490.0066758,1,0,25,15
105.6979228,434.2075715,1,1,46,18
127.2799433,520.297092,1,1,57,17
102.9634363,421.0657188,1,1,43,16
107.184511,435.7454416,1,1,47,14
92.81029555,380.876142,1,1,34,17
139.3155819,566.7479254,1,1,37,16
126.6640293,516.1998646,1,0,33,11
100.2294238,411.2817218,1,0,63,17
105.5160549,432.7673251,1,0,60,15
118.5310046,484.9203499,1,1,24,18
107.3435712,439.6441365,1,1,33,13
87.43399273,357.7920834,1,0,62,9
117.4775051,479.37707,1,0,64,16
99.94657719,411.9256283,1,1,65,16
98.73888876,405.1677047,1,1,44,12
88.23350248,363.1565669,1,1,40,14
77.16317978,318.8846512,1,1,41,21
107.5682257,440.5120774,1,1,26,15
120.1723022,488.1108521,1,0,52,17
108.7383375,444.5360114,1,0,37,14
122.8986352,501.3561056,1,0,54,11
87.12485013,359.6370411,1,0,59,15
86.32645162,355.2113948,1,0,34,15
98.26681962,401.260263,1,0,64,15
102.8071249,421.4899927,1,0,48,15
106.7044578,435.8396705,1,1,25,16
98.18903369,401.3787976,1,1,32,15
124.2962208,506.1482647,1,1,48,13
123.1180197,502.8134577,1,0,47,16
96.91660055,398.7656572,1,0,63,12
122.3599528,499.7228519,1,1,37,11
89.19464654,367.2637039,1,0,56,17
111.3849557,455.8305357,1,1,29,17
118.9098042,485.5463253,1,0,34,15
105.5054543,432.5457295,1,1,59,13
99.74985201,406.4180654,1,1,47,14
60.45963814,251.8489014,1,1,46,15
88.50431264,362.8271947,1,1,36,12
84.91864026,350.6971847,1,1,63,14
86.24650481,354.6969852,1,1,28,17
99.7556586,408.8900265,1,0,51,18
96.57324479,394.6300553,1,0,24,15
84.42437161,348.5748874,1,1,61,17
81.36104393,335.937129,0,0,51,12
81.51694495,336.4901316,0,0,37,17
117.8503066,480.3960452,1,1,55,14
89.77782347,368.1903779,1,1,41,16
87.85853203,361.5131223,1,1,27,15
94.26335107,386.2044241,1,1,49,18
109.5380247,448.4076286,1,0,32,14
106.3247671,432.9649696,1,1,54,17
55.72605208,232.3237343,1,0,37,15
116.76564,478.6678463,1,0,20,15
117.0760564,478.5522906,1,1,54,15
92.81167132,381.2609746,1,0,57,14
83.86685838,347.3137346,1,1,25,15
96.20989866,392.3467023,1,0,57,15
92.07453401,377.3318922,1,1,61,16
103.1427227,422.0009172,1,0,40,16
73.55979836,304.9755545,1,0,57,17
84.54925608,348.9331074,1,1,28,17
117.7653993,480.0035892,1,0,63,13
85.08272852,351.1883931,1,0,25,17
116.5487807,475.6015675,1,0,46,13
103.8257272,426.3440107,1,0,47,17
67.97304629,280.7472436,0,0,27,17
114.3823947,467.2193796,1,1,56,12
104.9858893,429.281677,1,1,45,16
97.42006367,400.5760546,1,0,53,15
109.1010436,445.703112,1,1,30,14
106.0843751,434.1214032,1,0,49,18
108.4132482,443.9822114,1,0,53,14
114.9064428,469.9830366,1,1,54,14
109.0429864,446.8801461,1,1,43,16
80.60699149,332.5060883,1,0,39,17
92.92454404,381.1274762,1,1,21,15
149.6871348,608.1555781,1,0,48,18
112.8332487,461.1741976,1,1,35,17
132.5386978,540.1883083,1,0,55,11
118.5562643,483.884332,1,1,41,14
106.6986682,436.6392205,1,0,40,14
109.0324809,444.434896,1,1,39,16
101.9998703,418.4994366,1,0,19,10
81.85423206,337.4630553,1,1,48,21
107.1546819,439.4448202,1,0,28,17
120.2733513,490.897207,1,0,45,16
87.98708403,360.0659122,1,1,63,18
101.2808048,414.5989336,1,1,49,20
111.5699285,455.8974249,1,1,22,17
89.70458855,369.4134921,1,0,55,17
100.8781731,411.2779079,1,0,27,16
86.73680034,356.8456426,1,0,57,15
92.68051541,381.0833035,1,1,63,15
80.03762653,329.3572753,1,1,41,14
89.32107078,367.2120263,1,0,52,14
124.9361539,508.9140136,1,1,61,13
78.68185429,323.8682969,1,0,65,15
100.5843095,411.7641125,1,1,40,12
96.59532147,395.5123889,1,0,34,16
119.1295631,487.0070679,1,1,18,15
115.2283733,469.9905451,1,1,48,16
103.5828862,423.2593309,1,0,48,14
103.4714437,425.4835099,1,0,59,22
96.58747936,397.1517967,1,0,59,18
78.91855596,323.6832372,1,1,51,13
130.0782066,529.3363236,1,1,26,16
90.96784815,373.9642699,1,0,39,14
112.9836512,462.0735306,1,0,30,13
106.8133668,435.5887387,1,1,42,13
86.74945347,358.0131741,1,1,65,16
114.6986405,469.4320137,1,1,35,14
114.0985595,466.6894639,1,0,29,17
128.2287998,524.0623028,1,1,57,17
95.18638694,391.0414212,1,1,34,18
79.51120418,328.3620528,1,1,32,14
91.44483853,377.1861589,1,1,59,16
100.560804,413.1791638,1,1,32,17
104.2885817,426.1423622,1,0,32,15
90.75382632,373.4991008,1,1,56,14
75.09314214,309.5844669,1,0,30,19
108.2329838,443.2587861,1,1,34,16
129.7579189,529.2965706,1,0,49,17
104.6796434,427.1642406,1,0,26,14
104.0574591,425.9376158,1,0,57,13
106.3396135,435.4495313,1,0,37,14
104.9786032,429.3064001,1,1,43,15
104.8418433,429.510279,1,1,44,13
105.4844417,432.5706362,1,0,38,15
99.34799178,407.1984946,1,0,35,12
90.66631205,372.7407514,1,0,30,13
94.61954224,389.7057107,1,0,33,17
105.2428148,431.2719471,1,0,26,17
93.37245103,383.5372135,1,1,29,15
105.6532714,431.4824133,1,1,61,13
113.0939695,462.8617592,1,0,55,13
116.7193884,477.0168967,1,0,36,15
121.6748802,497.7841465,1,1,24,17
99.53937574,408.0411651,1,0,52,17
83.71739671,342.9161539,1,1,65,15
88.4121111,361.8036021,1,0,35,13
99.99257876,410.5417791,1,1,33,16
75.12929664,309.8230637,1,1,56,14
124.142333,506.8033784,1,0,21,14
105.1582642,430.5750592,1,1,42,18
107.2434784,438.6316214,1,0,49,17
120.0489874,489.9036268,1,0,57,16
93.03787479,381.1336562,1,0,30,13
105.1422229,430.3809615,1,1,62,16
95.31237998,390.508823,1,1,34,18
97.82571273,400.7702863,1,1,54,15
89.44663635,367.31597,1,0,23,18
118.0297575,481.6996567,1,0,36,18
96.52777237,396.8745131,1,0,30,19
113.9294174,465.401718,1,0,43,16
71.89559691,298.4866953,1,0,31,17
127.5498459,521.5286273,1,0,48,18
113.397853,464.2606523,1,1,21,16
100.3583433,411.8031205,1,0,56,14
95.3547543,391.5892137,1,1,25,15
106.0387343,434.8463573,1,0,42,16
133.3712964,543.3572034,1,0,30,13
68.25259548,283.8813992,1,0,49,15
109.8892167,449.9909763,1,1,55,18
86.2707158,354.5811903,1,1,55,11
104.9585682,430.5579004,1,1,45,19
105.4339368,431.6545652,1,1,47,18
99.25779796,406.7623549,1,1,20,15
97.08127593,397.6898286,1,0,45,17
80.53741266,332.1827964,1,0,20,16
115.147532,471.3980315,1,1,62,18
80.55938221,332.9932716,1,1,51,17
107.7789007,441.2924797,1,1,33,13
90.12902899,370.9673726,1,0,39,17
80.76483778,334.197369,1,0,49,15
106.4075052,435.305932,1,0,55,16
79.73826546,327.7065592,1,1,25,14
100.1360087,411.6804925,1,0,25,19
81.7241283,336.2322421,1,0,23,18
98.16657398,401.8152317,1,1,31,14
86.8855173,355.60363,1,0,49,13
97.01767969,398.4826088,1,1,52,15
101.4191767,413.8896982,1,0,27,16
85.40158576,350.7157979,1,1,20,16
92.00259212,378.4472264,1,0,29,18
83.9867779,346.5304207,1,0,48,17
106.926206,436.8783684,1,0,46,17
127.7899619,520.8173675,1,0,22,16
144.6575534,587.5226102,1,1,42,13
107.7598255,440.3147792,1,1,58,15
111.5531006,456.2960993,1,1,48,18
71.46241872,295.2299362,1,1,38,15
123.5836744,503.8889269,1,0,37,17
117.1274341,476.854288,1,1,56,15
92.39836562,380.574189,1,0,39,13
115.085302,470.6630093,1,0,21,15
90.35703484,372.0722158,1,0,30,16
88.58097953,365.4681562,1,1,62,14
110.9328624,452.7251466,1,0,59,15
83.10137563,341.9103439,1,0,37,14
113.2403761,460.8823169,1,1,30,18
81.63023648,339.5255586,1,0,34,15
84.92430238,349.4078611,1,0,53,18
85.7322154,353.8260591,1,1,50,19
110.6450882,451.1617268,1,0,18,15
96.48534319,396.7790496,1,1,32,13
86.26780697,356.7861043,1,1,30,11
84.80961717,349.0385725,1,1,34,13
101.1710862,413.50806,1,1,41,13
79.51074166,327.773061,1,1,25,18
82.06536894,335.9003541,1,1,44,16
133.2608374,542.7883475,1,0,62,16
86.57633763,356.9835242,1,0,40,11
96.4157509,395.4690583,1,0,63,13
97.52329073,399.6491637,1,1,25,17
95.19707102,391.1593885,1,1,25,16
107.0767294,438.7354484,1,0,43,15
112.050982,456.3614778,1,1,64,17
89.98885197,369.8962723,1,1,30,19
78.36972297,325.7845632,1,0,56,15
127.3166493,517.7244912,1,1,54,16
95.74114154,392.7220585,1,0,45,16
121.5310987,497.866994,1,0,42,20
67.92419177,282.6878671,1,1,33,11
102.8316538,420.6449604,1,1,19,17
128.3490614,523.3930236,1,0,35,15
100.6784765,412.5467757,1,1,34,17
99.15467619,405.7083496,1,1,47,14
102.6547413,420.3765625,1,0,56,15
90.25721911,370.6006701,1,1,30,17
93.64702967,384.5470488,1,0,49,22
98.77214993,404.1785451,1,0,46,17
89.69283324,367.3477757,1,1,63,14
111.6058542,456.1996562,1,1,47,15
107.0668724,439.8066853,1,1,35,15
97.95149223,401.7274808,1,1,30,12
121.2149205,494.3303563,1,1,60,15
92.51005505,380.6420492,1,0,38,17
88.07568362,361.999615,1,1,47,13
92.33155055,381.0418184,1,0,38,18
99.21278143,406.6845394,1,0,65,16
83.2860735,343.7073081,1,0,34,14
94.52211179,387.1789712,1,0,57,15
98.70362976,405.1555461,1,1,36,19
135.2935026,551.2286126,1,0,32,17
64.6336685,268.3708195,1,0,26,16
93.45754526,383.1751532,1,1,27,15
127.5067756,519.1813995,1,1,61,16
102.7907789,421.2769573,1,0,48,14
113.0518924,462.6514482,1,1,40,11
107.3462308,439.0821276,1,1,47,20
89.44363415,367.9146387,1,1,50,16
65.07626342,270.1590754,1,1,26,16
105.5609755,432.16956,1,0,64,15
81.58669121,336.0119151,1,0,18,14
87.38350153,359.4082154,1,0,61,15
92.31658157,381.8116421,1,1,52,12
122.8416344,501.4775808,1,1,28,20
140.658104,573.0484937,1,1,51,13
99.34992526,407.6746548,1,1,33,13
92.82308717,380.877181,1,1,26,15
83.84888773,346.5509198,1,0,49,18
112.7879763,460.6764709,1,1,32,16
127.0532643,519.0604876,1,0,29,13
100.375609,411.0038273,1,1,50,18
67.44531196,278.7097914,1,1,62,17
110.8899497,453.7436974,1,1,31,17
110.7681207,451.7870998,1,0,25,17
70.80335511,293.631608,1,0,25,20
103.4155143,422.2989788,1,0,44,20
104.9405299,429.271403,1,1,29,14
102.9224438,420.0900096,1,1,18,19
91.45971345,378.5116162,1,0,60,16
114.8473692,467.5484979,1,1,57,16
89.65530048,368.4836222,1,0,59,12
80.09829015,331.4039033,1,1,28,15
65.513383,272.9807256,1,1,56,14
116.2264438,475.5668906,1,1,60,17
105.6755179,432.2119584,1,1,48,18
101.1071605,415.6134854,1,0,34,11
98.41709178,404.4199902,1,1,50,15
92.38281948,379.5917408,1,1,49,18
82.42505599,339.8048828,1,1,46,15
87.7617655,360.5988998,1,1,38,17
70.73638202,291.9191084,1,0,38,16
86.17300546,355.7868581,1,0,57,16
96.14558136,395.7362389,1,0,40,15
108.0754504,441.2411958,1,0,23,13
103.0960181,422.0614625,1,1,39,13
111.6405248,456.2361813,1,0,55,17
120.3504384,491.1726287,1,1,54,16
118.1637926,482.5264549,1,1,62,15
115.8328173,474.0884952,1,0,25,15
104.0742659,425.3796943,1,1,58,15
85.26876432,350.0886748,1,0,52,18
111.4576412,456.8844307,1,1,28,15
123.4470853,503.1244468,1,0,41,13
101.6731341,415.2633958,1,0,38,17
126.8995747,516.9064064,1,0,19,15
74.35852665,306.9812614,1,0,57,16
85.63641867,353.9590538,1,0,36,19
108.887873,446.297799,1,1,56,15
109.642149,449.5363022,1,0,45,16
123.0652061,502.8796464,1,1,34,13
100.1910869,411.5459729,1,0,23,15
87.31748696,358.4384903,1,0,36,17
94.90590306,389.2693024,1,0,55,12
78.42233512,322.570397,1,1,45,16
87.75957811,360.683551,1,1,19,16
112.1199321,458.9802415,1,0,55,16
107.3021596,439.1675547,1,1,54,18
108.6024916,445.54323,1,1,21,16
75.81249946,311.9837885,1,1,39,18
90.48037845,372.272843,1,0,43,14
79.02390793,324.7174419,1,0,60,16
114.5583958,468.1405033,1,1,53,16
88.68257137,365.3244891,1,1,30,13
82.75311949,340.6617107,1,1,49,17
99.72168067,409.2741396,1,0,34,20
88.13065036,361.4183018,1,0,58,15
119.5721464,486.4303235,1,1,53,17
88.39909994,364.0078263,1,1,63,16
80.01550959,331.6733792,1,1,36,14
66.76870796,275.9683995,1,0,52,12
104.5157819,429.1136764,1,0,63,14
93.94196485,385.65702,1,1,57,13
72.53291512,298.6764984,1,1,45,19
120.2822882,489.8017266,1,1,18,15
112.7769471,460.9391973,1,0,59,15
98.17800661,402.1467055,1,1,35,17
114.8308857,467.8235003,1,0,65,13
110.3152463,449.3871909,1,0,57,14
87.96241273,360.8585882,1,1,50,16
80.25822202,331.0942594,1,1,29,18
106.8085516,437.0529845,1,1,25,17
105.9385982,433.0799227,1,0,41,16
101.9556935,417.8575182,1,0,33,16
85.96894889,354.7739127,1,0,21,16
109.1302442,446.7364088,1,0,55,16
84.59122169,348.1043364,1,1,61,13
97.0708229,399.0517429,1,0,44,16
124.1880213,505.589999,1,0,26,13
89.02417869,365.725505,1,1,64,16
70.04625806,289.8679971,1,0,33,15
82.65494772,339.2471388,1,0,29,21
110.9791801,453.31552,1,0,48,15
105.2323806,428.6830893,1,0,41,13
99.68323703,410.4809338,1,0,31,15
86.06381208,353.1765639,1,0,62,17
110.6618557,454.0519161,1,1,42,19
83.14893171,342.4968126,1,1,51,14
111.1672179,455.0517149,1,0,20,12
89.17268196,366.0555058,1,1,41,17
81.88329583,337.6060706,1,1,59,13
86.20527714,355.3294664,1,1,26,15
96.10076043,394.9096303,1,1,43,15
98.04263132,402.784185,1,0,37,15
103.4875625,423.4125524,1,0,57,17
51.44716378,215.2222066,1,1,27,14
85.42326127,349.9588852,1,1,36,15
94.70522061,389.1884261,1,1,20,15
128.6078389,525.3036128,1,0,41,16
85.21724918,352.3440408,1,0,22,16
96.35509506,395.567326,1,1,20,16
124.7978328,508.221563,1,0,44,17
75.98467229,312.1167463,1,0,33,16
111.8826974,458.3891007,1,0,32,16
85.00926222,348.1015317,1,0,52,12
104.6513412,428.0935235,1,1,29,16
94.16146815,386.2670589,1,0,58,16
86.17113743,354.4733052,1,1,61,17
141.2662245,574.8707524,1,0,43,14
116.0288216,474.0638084,1,0,64,14
120.0094526,487.427476,1,0,51,14
109.4940285,447.8116453,1,0,40,17
81.24804728,332.6295617,1,1,48,18
105.77586,433.6621931,1,0,37,15
114.9739889,469.153169,1,0,29,17
86.14678085,352.289171,1,0,40,16
118.2615969,482.0393671,1,1,21,15
112.3716406,458.7329939,1,1,40,15
129.2985527,528.173641,1,1,65,17
97.25409715,399.053405,1,0,65,16
75.66291273,312.8709475,1,0,18,20
96.15541812,395.6446363,1,1,42,14
122.757914,500.7352175,1,0,19,17
79.58203919,328.9507644,1,0,47,14
63.18634473,263.3239105,1,0,20,14
107.9136949,440.1922334,1,0,38,15
94.00152954,387.3241721,1,0,42,16
102.4136832,418.0672043,1,0,37,21
121.2329168,495.6507735,1,1,39,15
94.29305497,385.5009465,1,0,38,13
73.83696837,305.8267796,1,0,50,16
131.9903488,539.6074673,1,0,55,11
83.44200492,343.4176739,1,0,32,15
84.33518123,346.945591,1,0,63,16
114.0404077,466.5854366,1,1,32,17
94.39310441,387.0881859,1,1,63,17
90.04261343,371.8399964,1,1,42,14
109.3027326,447.2242328,1,1,38,15
116.1141922,473.9470206,1,0,41,14
93.99180194,385.2728131,1,0,22,13
124.0288105,504.9803012,1,1,23,16
62.5546953,259.4872313,1,1,60,13
119.462619,487.3048808,1,0,65,15
87.33188643,358.6964281,1,1,61,14
120.3497465,490.5445928,1,0,64,17
98.60971986,406.3751706,1,0,40,19
90.33922342,370.1787271,1,0,21,13
115.8377868,473.3084564,1,1,44,12
117.8896859,481.9584812,1,1,35,15
113.3925643,464.0147594,1,0,38,16
87.07596241,358.1020018,1,0,45,16
91.64319119,376.1815896,1,1,52,15
94.47707523,388.2045666,1,0,39,15
98.91752755,405.7743221,1,1,57,16
110.6479115,452.1518263,1,0,40,18
74.30221175,305.5247585,1,1,20,12
106.5960418,435.7419466,1,0,57,15
102.441371,418.451553,1,1,27,16
92.55038318,379.3826201,1,1,42,14
87.3726539,359.3800868,1,1,25,19
89.93841469,369.9644091,1,1,28,14
51.84793282,219.0845502,1,0,22,15
95.25723087,390.3353829,1,0,62,17
81.7316879,337.5663507,1,1,54,14
114.3754703,467.6207929,1,1,62,12
89.78259627,370.2782714,1,0,55,15
97.75617903,401.4403687,1,0,46,18
129.9461389,528.5646483,1,0,22,15
120.6430788,490.6530079,1,1,26,14
116.4870017,476.0688409,1,1,65,17
94.73360687,388.2506762,1,0,19,15
110.9563277,452.6639317,1,1,18,14
95.23025302,389.4976353,1,0,57,16
97.17806742,398.7137597,1,1,47,17
102.8782967,422.8517539,1,0,28,20
90.04990138,369.6430759,1,1,45,17
121.2780615,495.5043145,1,0,61,18
95.39595893,391.3250394,1,1,29,14
110.1673145,449.2001959,1,0,56,13
120.8874925,494.0871465,1,1,43,16
117.8317495,480.04029,1,0,30,16
72.70700394,300.7293507,1,0,25,13
106.5635931,435.7385566,1,0,45,15
113.6335216,465.2410673,1,0,47,16
112.4812967,458.6835625,1,0,26,16
82.94521018,342.0348967,1,0,56,17
84.13804482,345.5741522,1,1,48,16
116.6918886,476.0660226,1,0,38,14
91.50124046,372.2208733,1,1,64,14
97.81902902,403.2069319,1,1,51,13
128.1453377,522.9227385,1,1,48,19
100.4302086,410.7891712,1,1,42,16
91.35052543,374.1277949,1,0,29,15
87.79615708,360.5447617,1,0,18,14
108.0852809,442.8808508,1,0,39,21
74.02426966,304.0833604,1,0,57,13
93.05382877,381.9209623,1,1,54,15
111.6918921,458.3548685,1,1,64,16
109.9903688,448.6480697,1,1,18,17
109.7974185,449.090423,1,1,18,17
94.31705465,389.3158021,1,1,59,19
117.6513516,481.04514,1,1,59,17
94.22591764,386.8748444,1,0,38,13
82.3161049,339.635202,1,0,32,15
96.34638156,394.8267302,1,0,34,16
122.0458643,499.2833752,1,0,39,20
100.0860547,409.7809764,1,0,55,13
104.9652987,427.730921,1,1,52,18
130.6044157,531.8136343,1,0,62,16
78.32833778,322.2177295,1,0,33,17
75.50121551,311.5990284,1,1,25,15
73.99749112,305.608637,1,1,64,14
105.1969494,431.8124958,1,0,34,17
104.8625498,429.9735024,1,1,34,17
119.4577825,487.899236,1,0,43,17
100.9168268,413.4989621,1,0,30,15
96.31975341,394.0625306,1,1,34,14
104.1249733,424.1490584,1,1,55,12
99.62007811,408.4301004,1,1,34,17
69.91974843,290.3574919,1,1,65,16
154.1540732,626.257456,1,1,31,14
111.2767212,454.3902746,1,0,62,14
102.4241089,419.9929405,1,1,23,15
113.049778,461.9310073,1,0,52,13
110.4886841,453.459097,1,1,63,14
101.7021127,417.8740294,1,0,31,13
91.50663928,376.835331,1,1,64,15
109.7017864,449.3851257,1,1,25,14
105.6744587,431.2351731,1,0,32,12
82.39613433,340.1114864,1,0,44,20
129.3906866,527.727981,1,1,30,18
100.9755792,414.3430042,1,0,48,14
105.8505683,433.721394,1,1,52,16
120.37655,491.7622577,1,1,23,16
96.82242813,399.8306467,1,1,22,18
104.8903603,429.3135301,1,1,39,14
115.2486382,471.7421933,1,0,40,18
93.44661156,383.1621916,1,1,42,14
104.4125248,428.2694329,1,1,51,13
101.0021788,414.7821222,1,0,43,17
86.19298847,354.9943822,1,0,64,18
136.7519134,558.4535191,1,1,22,21
72.189224,297.7535186,1,0,43,13
83.14497584,341.9559,1,1,37,17
114.2308964,466.949186,1,0,23,15
119.2091324,487.5223275,1,0,23,17
83.32680233,343.3492991,1,0,35,13
108.714431,445.9650971,1,1,21,13
119.2875577,486.2940232,1,1,34,14
97.36599042,398.1641175,1,1,31,16
148.4391001,603.8229994,1,1,31,14
78.23282409,322.7250261,1,1,30,17
104.5534005,428.5850318,1,0,24,18
123.8652998,505.2317043,1,1,61,17
118.4914709,483.4324907,1,1,32,19
96.14925068,394.3643194,1,0,36,16
97.21003649,398.709511,1,1,60,13
106.9461317,437.3046237,1,0,64,18
120.4757873,491.5034156,1,1,61,14
106.1953612,434.2041698,1,1,52,17
116.5325904,476.7963083,1,1,34,19
83.33871047,343.4114983,1,1,52,16
91.18895988,376.8618473,1,0,36,13
95.00531663,390.0259607,1,1,37,14
89.81889977,368.5773107,1,0,53,18
116.4566607,478.3059959,1,1,52,15
94.99598053,390.2414519,1,1,49,16
137.8628269,562.2165459,1,0,65,17
104.9319856,430.1479862,1,1,61,17
97.93666317,402.2087802,1,0,57,16
104.2827007,427.4954588,1,0,41,15
89.69345771,367.5247364,1,0,34,15
104.1154467,426.6586525,1,0,24,17
122.7137971,499.3305949,1,1,60,17
99.70342858,408.4759611,1,1,18,15
88.74144494,364.0945245,1,1,52,18
87.19344636,358.9876606,1,0,49,15
96.06381197,394.4316015,1,0,53,14
101.5071138,416.3430639,1,1,30,14
119.0132565,486.1458641,1,0,23,14
79.25167142,326.2693526,1,1,31,15
96.00292463,393.5932577,1,0,54,18
107.7005657,441.5460404,1,1,65,14
75.41000473,312.5828425,1,0,32,16
90.63817405,371.2574102,1,0,64,14
93.03199769,380.4448852,1,1,21,15
87.78123468,360.2539477,1,1,57,12
104.4965373,428.859813,1,1,33,15
93.589453,385.4185286,1,1,45,15
97.08566499,397.2590445,1,1,33,17
95.62686344,392.6577,1,0,21,16
125.8490296,515.0245401,1,0,62,13
129.5052542,528.2250381,1,0,43,18
66.03049502,275.43331,1,1,45,16
110.6005244,453.2195363,1,0,49,16
94.94545648,388.7161407,1,0,62,15
101.1935589,414.4184869,1,1,19,14
98.14976562,402.4728278,1,0,48,16
102.89821,421.528362,1,0,20,16
94.47255258,388.6510788,1,1,25,12
87.74614636,361.2487707,1,1,41,14
90.79283843,370.0871179,1,1,32,15
95.40435048,390.1485023,1,1,60,16
110.8515351,451.0383441,1,0,48,18
116.0629593,474.2375072,1,0,26,14
111.7769707,457.1655042,1,0,56,15
102.9422892,421.8836285,1,1,62,14
104.6983535,427.6634205,1,1,19,14
110.9322869,454.221603,1,0,25,15
115.2965353,471.7137184,1,0,24,17
90.42763749,370.307278,1,1,61,13
103.4563192,422.1903624,1,0,56,16
109.5907298,448.1835142,1,0,59,12
79.02513427,327.7612149,1,1,33,14
96.52408388,397.6370235,1,1,52,15
111.897023,457.968309,1,0,47,19
106.1311569,433.6211823,1,1,27,15
89.26235672,367.7891539,1,1,55,11
102.7663871,420.4449461,1,1,35,12
86.6815088,355.8162017,1,1,22,16
109.3432424,445.0509822,1,0,46,17
100.0645624,410.196553,1,0,56,16
101.9204954,416.8853601,1,1,51,16
93.70024593,384.7435167,1,0,60,18
100.0791494,407.8540983,1,0,62,14
96.52893013,396.1270964,1,0,40,17
112.4344296,457.1237478,1,1,22,12
91.9509267,378.740151,1,1,47,14
124.6308541,508.841771,1,0,23,12
124.5190763,507.5946026,1,0,63,15
82.44746395,340.2164891,1,1,61,15
106.4431822,434.6208061,1,1,21,16
96.30602014,395.1384007,1,1,46,16
92.54724867,380.8314362,1,0,40,14
131.1642271,531.3500791,1,0,23,15
98.29579926,402.5749427,1,1,49,13
103.56334,424.0610916,1,1,59,18
110.3913937,451.1888056,1,0,35,15
85.97910506,355.2314295,1,0,32,15
81.63542354,335.2836796,1,1,57,19
84.0808661,345.5640795,1,0,49,13
82.64372169,338.5236083,1,0,26,13
61.33203334,256.7357257,1,1,54,13
105.8271806,432.8892767,1,0,27,15
130.5209091,531.4326546,1,1,37,16
108.0506241,441.9732243,1,0,23,17
81.07497392,334.8022106,1,0,65,21
86.3760295,355.7091977,1,0,20,11
89.3941887,370.0766084,1,0,59,17
82.67311819,341.0100046,1,1,28,14
114.8281819,468.6600182,1,0,60,14
113.9335986,464.987043,1,0,34,14
79.62861292,327.9904965,1,1,49,14
106.5508305,434.527674,1,0,21,19
124.379259,507.3539585,1,0,21,17
128.1632555,523.2271994,1,1,34,16
151.9687454,617.014812,1,0,58,18
86.95221076,356.8587195,1,0,36,12
149.9814374,611.197216,1,1,22,13
90.34234928,369.794996,1,0,49,11
85.1550077,348.4128473,1,1,39,14
100.7669201,411.7500784,1,1,23,16
96.36497531,393.7619637,1,1,52,16
113.3564311,463.6264999,1,0,39,16
77.40203635,319.119793,1,0,18,13
94.91537546,389.2861004,1,1,37,17
114.9548883,470.7841737,1,1,39,16
92.23533112,378.0987501,1,0,65,17
105.3407801,431.9654238,1,1,28,12
108.3654398,444.7951639,1,0,30,16
117.9499916,481.151843,1,0,59,13
69.90042543,290.2226355,1,0,20,15
115.6749144,472.2689321,1,0,26,17
94.30328416,387.982042,1,1,29,16
104.9768906,428.1648073,1,0,40,14
110.4259948,449.8785155,1,0,31,16
81.65871038,336.1091302,1,0,50,12
86.31125264,354.2144,1,1,35,18
72.60683055,299.7906968,1,0,58,15
92.71926058,380.5053136,1,1,26,18
122.284541,499.6583141,1,1,40,14
94.00765723,385.4687808,1,1,27,14
81.02092965,333.1266066,1,0,36,14
93.50820235,383.5278849,1,0,64,17
78.94125178,324.8659155,1,0,22,14
83.74598058,343.9123519,1,0,64,17
101.080687,412.5447134,1,1,40,15
77.45267633,319.7522825,1,0,47,12
108.1766379,441.9610616,1,1,42,14
102.5454316,420.9796134,1,0,45,13
104.9373637,428.1308063,1,0,51,16
99.53935189,407.452343,1,0,62,13
113.1663067,464.2924169,1,0,65,17
103.5572335,423.1200763,1,1,64,15
101.2604372,414.63936,1,1,42,15
109.4981581,446.5981491,1,0,27,17
97.70065641,399.2944803,1,1,31,17
107.5862238,441.71552,1,1,59,15
96.74720228,397.0010482,1,1,63,14
100.4212466,411.6540035,1,0,47,12
96.70292136,394.9573863,1,1,58,14
90.92285064,373.9005837,1,1,42,14
93.93003927,386.7228899,1,0,31,16
105.635617,433.5185376,1,0,52,15
114.6834138,469.2143027,1,1,65,17
114.8293336,468.0006485,1,1,51,14
80.09070957,330.5437442,1,1,27,15
123.6645693,505.1238127,1,1,52,18
95.39751446,389.6397583,1,1,28,16
108.6107168,443.1443298,1,0,28,15
81.74588998,337.7366226,1,0,38,14
105.6149453,433.162562,1,0,38,14
102.4398435,418.0435735,1,1,39,14
77.66294851,321.3182882,1,0,62,14
115.3918872,471.4742626,1,1,24,17
122.5741662,500.8773227,1,0,34,15
91.20466808,374.0345372,1,0,19,13
113.6709953,465.1431076,1,1,29,19
97.23731912,399.633252,1,0,59,16
108.2370475,442.4198871,1,1,35,13
69.64448553,288.4803026,1,0,28,15
136.8063544,556.3543542,1,1,33,16
123.4439353,505.22529,1,1,35,19
93.24191414,382.6943069,1,0,52,13
77.7161807,319.8147726,1,1,43,17
116.0381252,473.2473758,1,0,33,18
77.55880129,320.2338822,1,1,23,14
108.4293894,444.2931714,1,0,61,15
106.9067668,436.1167938,1,0,60,13
85.17544586,352.40848,1,0,64,15
113.8327688,465.4535692,1,1,64,15
108.0880127,442.6414503,1,1,65,17
110.4401093,451.4826544,1,1,59,18
102.0956491,418.2345616,1,1,29,14
77.02022163,317.8054812,1,0,30,12
104.6978764,429.6374467,1,0,21,15
98.06407065,402.087519,1,0,56,16
79.33304953,327.9680611,1,0,19,16
126.018626,513.4352825,1,0,43,15
133.3379354,543.3300501,1,0,44,16
93.80500992,384.2624144,1,1,44,19
123.8187397,506.2889713,1,0,32,16
98.83226475,404.3335783,1,0,25,15
92.13053635,378.0459476,1,0,24,14
94.6545748,388.1480796,1,1,64,15
124.8716453,508.9290582,1,1,63,19
93.17092106,383.2528789,1,1,57,15
106.0730876,433.8021719,1,0,29,15
95.81304884,394.4883246,1,0,30,15
96.31878507,394.2989456,1,1,60,18
107.7248982,440.8926133,1,0,34,19
99.93079706,408.7838887,1,1,34,16
94.64078613,388.8285859,1,1,53,16
118.908791,485.4250442,1,1,38,16
120.85068,493.0504377,1,0,25,11
115.1184825,471.4738154,1,0,22,17
85.77027263,352.2858343,1,1,43,16
96.00868693,394.4634775,1,0,33,16
104.8239944,428.3556755,1,1,53,14
101.2587794,414.9818101,1,0,45,15
93.45375239,382.4664477,1,0,46,15
112.1174454,457.6242149,1,0,64,18
104.2409415,426.7109385,1,1,29,15
68.48445586,285.6382173,1,0,54,20
94.87596766,389.448895,1,0,47,16
87.87614354,363.0140369,1,1,40,13
103.3490251,423.4470449,1,0,33,15
124.7109204,508.253296,1,1,31,14
101.438327,417.125814,1,0,27,11
90.8808189,373.8107689,1,1,24,19
107.7636965,440.2359701,1,0,62,17
89.97056727,370.2047586,1,0,54,17
109.5780463,447.8404543,1,1,46,16
113.2345138,460.7647149,1,1,20,13
114.7336143,469.6825575,1,1,32,15
106.3739345,436.4161058,1,1,53,17
119.105784,488.0658516,1,1,64,13
111.4668603,456.1071421,1,0,63,10
91.64203422,376.1689459,1,1,36,15
130.0866668,530.9692688,1,1,30,15
106.3037831,435.8905965,1,0,59,16
88.77409556,366.5880282,1,1,38,17
124.3961324,507.3369671,1,0,54,17
134.8511679,549.0194848,1,0,44,16
98.93166279,404.8491671,1,0,46,18
93.70993268,385.2231036,1,0,37,12
102.3420284,417.6527909,1,0,42,17
114.2304718,467.5109704,1,1,23,17
122.6620225,501.0355111,1,1,53,13
104.3033543,427.6274364,1,1,19,12
103.9676023,425.838299,1,0,39,14
119.3050372,488.5577038,1,1,49,14
90.5190729,372.7991654,1,0,33,17
115.5240948,471.3007816,1,0,35,14
92.39976311,378.8583301,1,0,22,14
109.9726984,448.8315872,1,0,53,14
101.8965004,417.9700968,1,1,47,18
91.88935299,376.4067103,1,0,62,16
91.36363082,376.3873605,1,0,36,15
114.6806495,469.8576284,1,1,40,15
87.49148666,358.943353,1,1,51,18
91.05460722,373.883327,1,0,30,14
131.1992111,534.5996254,1,0,60,18
112.6548084,461.3186892,1,0,46,16
69.75305116,290.5053459,1,0,53,15
82.63556235,338.7212685,1,0,39,21
78.09984275,321.9524093,1,0,64,13
83.89700482,345.183929,1,1,53,15
52.93186784,220.238706,1,1,26,13
96.17510875,394.0577019,1,1,56,17
89.37920488,367.7974695,1,0,36,19
96.31414686,394.8199806,1,0,55,19
76.00136018,312.3358852,1,0,23,18
103.6961812,427.4878123,1,1,64,15
87.66832427,360.7951569,1,0,32,15
119.1983728,486.7105013,1,0,37,12
120.9268801,492.4126288,1,0,26,20
108.5779634,444.3948018,1,0,49,16
92.17626515,378.389491,1,1,21,15
128.7335389,522.8364977,1,0,35,18
79.63553025,327.3409292,1,1,22,14
77.90797924,322.2979238,1,1,37,16
103.3994955,425.3718508,1,1,40,15
130.172625,530.8453274,1,0,28,17
92.29524055,380.1319927,1,0,54,15
105.2997901,430.8710566,1,0,39,13
76.0709193,314.0715024,1,0,21,16
109.290103,448.072162,1,0,46,18
107.6736461,442.1804895,1,0,61,15
116.4842466,477.047264,1,1,51,17
89.5331638,366.9195243,1,1,30,13
88.72102666,364.6712792,1,1,59,15
80.29949369,331.3429623,1,1,26,14
105.653077,432.1797583,1,1,59,17
83.41015982,343.8909404,1,1,48,16
92.05285558,378.880447,1,1,24,17
94.5185737,388.9215359,1,0,21,18
97.24984895,400.5250559,1,1,36,17
95.49042907,391.4756849,1,1,59,16
107.1946036,437.2394855,1,1,47,14
99.17852404,406.9095669,1,0,48,15
97.34562584,401.1058721,1,1,52,14
105.1285754,429.8653795,1,1,38,15
83.17107358,343.2338477,1,0,48,15
102.5866222,420.8738851,1,1,36,14
107.547878,440.2068713,1,1,48,12
86.06950239,354.143277,1,1,49,14
118.7012524,483.6881052,1,1,19,16
94.56811681,385.8364706,1,1,27,13
99.17769382,405.4367499,1,1,19,16
120.6228956,491.9045163,1,0,19,19
119.5881548,489.2543403,1,0,41,18
97.26954905,398.8155419,1,0,34,19
92.95827067,381.1615923,1,1,49,16
121.5137943,494.9662053,1,0,33,18
106.5637029,436.7369228,1,1,33,14
85.69540441,353.9983754,1,1,63,14
94.52742334,389.0175221,1,0,56,10
74.03238648,306.6130504,1,1,48,18
104.3815466,425.8802217,1,1,60,19
98.91720632,405.155089,1,0,41,14
115.6362028,474.3023946,1,0,18,15
106.8574595,438.3764381,1,1,28,14
126.6841651,514.9931598,1,0,38,16
90.83111305,373.1196138,1,0,21,18
126.0915444,514.5234666,1,1,24,12
88.81091995,364.335787,1,1,43,16
111.9307411,455.2316676,1,1,64,15
76.95816988,317.8043818,1,1,29,16
99.52717913,407.158095,1,1,48,16
69.9462345,288.885542,1,0,34,15
98.00240435,401.4943393,1,0,50,15
109.0468182,445.8752466,1,0,28,15
101.2087465,414.660039,1,1,45,17
86.43677757,354.7212319,1,0,49,16
117.6403392,480.1490875,1,0,18,16
99.05286437,404.2923172,1,0,64,13
99.70956127,408.9856899,1,1,45,15
110.5671592,449.2326684,1,0,59,17
142.0321385,577.6080205,1,1,24,16
113.6784514,465.4468129,1,1,19,17
115.5904964,471.114199,1,1,59,19
108.005188,442.5601582,1,0,41,18
104.6662361,429.6488176,1,0,21,16
67.17999641,275.3019649,1,1,61,14
91.99385283,377.6729792,1,1,36,10
93.15728362,379.6015204,1,1,43,15
69.66066618,288.4090927,1,1,28,15
84.5781328,348.1660936,1,1,57,16
78.03935707,319.5470655,1,1,60,15
103.8475713,427.1442659,1,0,28,15
114.7672221,469.1672373,1,1,62,12
121.0692085,493.2305185,1,1,20,14
105.0806724,431.6154227,1,1,29,16
83.85034113,343.468364,1,0,20,19
68.35609044,282.0823578,1,0,59,15
73.4759714,301.4838365,1,0,44,16
79.61024875,330.1099962,1,1,19,17
91.83795681,377.5331603,1,0,33,14
96.04194579,394.6693172,1,1,19,16
81.91043062,337.8076007,1,0,47,14
113.2012665,463.1935562,1,0,37,17
95.0494085,390.1196638,1,0,55,16
101.1137555,414.5601194,1,0,45,16
119.257744,486.9438018,1,0,42,14
78.08191055,321.5904142,1,1,49,17
111.5681081,456.0433902,1,0,27,20
102.6809606,420.8291055,1,1,59,13
101.5728654,416.2355165,1,0,57,15
110.9071541,451.9700561,1,1,50,16
113.9281337,464.1818753,1,1,30,17
86.29567339,356.1230858,1,1,58,14
98.66356378,404.1855868,1,1,59,10
98.7402546,405.3835903,1,1,64,18
96.68779438,395.5008573,1,0,54,17
103.4116648,422.0047115,1,1,33,12
105.9945127,432.9612696,1,1,62,14
119.3225094,486.8727234,1,0,39,19
69.9683749,289.0927222,1,1,37,18
101.7794795,418.2445536,1,0,60,17
84.5199205,348.1199573,1,0,44,15
105.4535285,433.4896568,1,0,58,16
81.1592949,334.9076247,1,0,33,15
106.8486763,434.8082313,1,1,51,18
94.37647497,388.4065789,1,0,49,14
88.65890181,362.9808633,1,1,43,14
89.35779319,367.5147006,1,1,42,18
90.94309022,372.8485374,1,0,19,15
123.5961226,506.3246716,1,1,29,18
99.71772023,410.1464203,1,0,57,14
103.1393294,421.6468381,1,0,26,15
127.25289,518.6767316,1,0,29,14
105.5586146,432.3061341,1,0,43,16
87.74889059,361.7142907,1,1,26,13
103.662357,424.5087764,1,1,27,15
92.07447945,377.122174,1,0,49,13
94.17123232,385.8130454,1,1,51,17
67.64700201,280.4713377,1,0,65,17
118.4548342,484.8598497,1,0,37,12
92.57002504,380.5557157,1,0,56,18
97.7444882,400.0445201,1,1,19,20
88.56131205,364.7477219,1,1,18,16
106.7884017,436.5919853,1,1,53,14
93.77412779,385.8325861,1,1,41,21
99.9674014,412.2317233,1,0,44,13
113.5076811,463.4865035,1,1,19,16
111.5961703,457.0034848,1,1,48,16
101.9420856,416.8562065,1,1,31,18
72.15374781,298.3833741,1,0,19,16
141.8395839,577.1570351,1,0,46,15
128.9800727,525.5164005,1,1,32,14
110.6076422,454.7116977,1,1,29,15
89.17283769,366.2382624,1,1,54,13
102.9958771,422.4013992,1,1,45,16
91.73067139,374.8426616,1,0,37,14
119.3667452,487.7038957,1,0,56,13
101.8807951,418.4978359,1,1,41,18
90.2975533,370.5144101,1,1,38,15
94.67658934,386.0417185,1,0,27,13
120.7702072,492.8450389,1,1,63,15
122.0347481,497.9569933,1,0,31,16
121.4433355,496.2988973,1,1,54,12
114.8711613,471.3070253,1,1,35,16
97.55944877,399.6978623,1,1,41,13
48.07255545,201.3533923,1,0,31,19
110.0284934,448.7675487,1,0,51,17
93.51717766,384.113144,1,1,29,15
105.5801331,432.6268361,1,1,39,14
96.08697654,393.6447929,1,1,23,15
87.98547919,362.5755693,1,1,53,17
102.5247691,420.3963019,1,1,62,15
114.4390085,467.612221,1,1,53,15
110.2535375,449.9317624,1,0,39,16
113.0784095,461.6471148,1,1,31,14
110.1471593,447.9796899,1,1,33,15
96.71685463,396.9444278,1,0,53,11
95.65909584,392.5057224,1,1,42,17
98.44410244,403.8033674,1,0,49,16
104.5567672,428.5599638,1,1,50,14
108.4883092,444.1613936,1,0,62,19
107.6621511,440.3620765,1,0,53,16
143.6813534,584.5402657,1,0,37,13
129.5776524,526.6956149,1,0,35,17
106.1293309,433.760099,1,1,55,16
120.9379495,492.8188167,1,1,40,15
94.8507884,390.1072615,1,1,49,16
92.83161968,380.5156404,1,1,62,15
93.56073612,384.3055277,1,0,33,17
101.5975269,416.3401371,1,1,22,12
107.1706262,439.2530812,1,0,21,15
77.87757318,322.282171,1,0,38,19
85.15041206,351.1552188,1,0,57,14
101.000679,411.7320171,1,0,31,14
108.5451911,445.1968339,1,1,56,15
110.6145591,453.8040229,1,1,48,13
86.80162982,356.5817623,1,1,31,11
95.42889067,391.7954914,1,1,23,15
89.38263211,366.4930995,1,1,29,16
108.6600406,442.5147781,1,1,33,15
126.0593291,513.2932839,1,1,34,15
69.56175286,287.5918357,1,0,62,16
93.56660824,383.758079,1,0,40,18
77.26860093,317.9882943,1,1,31,15
73.4747951,303.0445374,1,0,24,14
107.705448,440.6345319,1,1,63,15
104.4982121,427.0518007,1,1,49,17
101.1530957,414.989911,1,0,32,18
119.5477553,488.6772111,1,1,61,14
95.61753538,394.6926522,1,1,34,16
96.99422795,398.9430145,1,0,58,16
135.4964879,552.0082513,1,0,64,14
97.30915037,398.4569544,1,0,61,16
117.2176003,478.9725594,1,0,51,13
97.99288622,402.1372859,1,0,22,12
73.03295046,301.4978896,1,1,62,16
72.64892615,301.2589324,1,1,44,15
86.36579212,353.9235011,1,1,40,16
128.5802611,523.8670976,1,1,57,15
112.2845889,459.5104101,1,0,31,14
114.6259182,468.0288769,1,1,32,15
90.55900749,371.8805234,1,0,60,13
128.2501741,522.6538489,1,0,50,18
86.01422058,353.0800491,1,0,48,13
104.0556063,427.2254359,1,0,52,15
94.16667097,385.4944484,1,0,34,13
95.50524781,392.1822777,1,1,45,17
122.4977434,500.2045397,1,0,36,15
91.53641826,375.0470323,1,1,63,14
84.97556771,349.8354409,1,0,40,17
100.1588843,409.5620801,1,1,49,16
88.79009342,366.4048542,1,0,57,17
155.2506267,629.6118791,1,0,30,14
116.2393809,474.113981,1,1,37,13
97.79284839,399.7872536,1,1,52,16
83.83817753,343.8574684,1,0,22,15
